alpha,rho,N,Z,tau,reference_mode_amplitude,reference_max_intensity,open_field_error,corrected_field_error,open_intensity_error,corrected_intensity_error,reference_power_rel,open_power_rel
0.8,0.3,128,0.0,0.0,4.999999999836233e-07,1.000002000001,0.0,0.0,0.0,0.0,0.0,0.0
0.8,0.3,128,0.1,0.0299905656290821,5.004612102696646e-07,1.000002000900503,3.2568798479863355e-09,1.574006962686886e-10,1.4298840086768412e-11,2.053278067120952e-11,0.0,-2.2204460492492028e-16
0.8,0.3,128,0.2,0.0599811312581643,5.018439524140961e-07,1.0000020035998234,6.516603134543162e-09,3.16044576753054e-10,5.722670822218272e-11,8.210539142371656e-11,0.0,-2.2204460492492028e-16
0.8,0.3,128,0.3,0.0899716968872464,5.04145590470968e-07,1.0000020081013878,9.782015508611424e-09,4.771503513958447e-10,1.2887751975412807e-10,1.8464121793502583e-10,0.0,-2.2204460492492028e-16
0.8,0.3,128,0.4,0.1199622625163286,5.073618307091374e-07,1.0000020144092467,1.3055967073078671e-08,6.418899727940486e-10,2.2940847372838338e-10,3.2801595286423687e-10,0.0,0.0
0.8,0.3,128,0.5,0.1499528281454107,5.11486864935351e-07,1.000002022529073,1.6341314582460828e-08,8.113706185711079e-10,3.5903949569398893e-10,5.120640591038503e-10,0.0,-2.2204460492492028e-16
0.8,0.3,128,0.6,0.1799433937744929,5.165135610242005e-07,1.000002032468171,1.964092368232597e-08,9.866221591709818e-10,5.180547158482749e-10,7.365853776780951e-10,-4.4408920984984055e-16,-2.2204460492492028e-16
0.8,0.3,128,0.7000000000000001,0.209933959403575,5.224336905813301e-07,1.0000020442354816,2.29576711352737e-08,1.168591197316315e-09,7.068016038296028e-10,1.001354740360229e-09,-4.4408920984984055e-16,-2.2204460492492028e-16
0.8,0.3,128,0.8,0.2399245250326572,5.292381838570586e-07,1.0000020578415882,2.6294447096301727e-08,1.3581415092995823e-09,9.256924969391995e-10,1.3061324760428298e-09,-4.4408920984984055e-16,-2.2204460492492028e-16
0.8,0.3,128,0.9,0.2699150906617393,5.369174003275144e-07,1.00000207329873,2.9654157308302343e-08,1.5560606712283191e-09,1.1752055419995504e-09,1.6506755151065972e-09,0.0,-2.2204460492492028e-16
0.8,0.3,128,1.0,0.2999056562908215,5.454614046779339e-07,1.0000020906208114,3.303972540586097e-08,1.763071901262144e-09,1.4558839405933324e-09,2.034749998722094e-09,-2.2204460492492028e-16,-2.2204460492492028e-16
0.8,0.3,128,1.1,0.3298962219199037,5.548602384671444e-07,1.0000021098234133,3.6454095193871095e-08,1.979849987132708e-09,1.7683389455380362e-09,2.458142188853932e-09,0.0,-2.2204460492492028e-16
0.8,0.3,128,1.2,0.3598867875489858,5.651041792769674e-07,1.0000021309238083,3.9900232905846324e-08,2.2070402021517275e-09,2.113249276320237e-09,2.9206713712474187e-09,0.0,-2.2204460492492028e-16
0.8,0.3,128,1.3,0.389877353178068,5.761839812541723e-07,1.0000021539409758,4.3381129534298246e-08,2.445278572594394e-09,2.49136262321831e-09,3.422200944321433e-09,0.0,-2.2204460492492028e-16
0.8,0.3,128,1.4,0.4198679188071501,5.880910921446808e-07,1.0000021788956217,4.6899803156752966e-08,2.695212295130458e-09,2.903497786998531e-09,3.962646078378315e-09,0.0,-2.2204460492492028e-16
0.8,0.3,128,1.5,0.4498584844362322,6.008178438744337e-07,1.0000022058101914,5.045930126746021e-08,2.9575204246690914e-09,3.350544845741401e-09,4.5419855648239085e-09,0.0,-2.2204460492492028e-16
0.8,0.3,128,1.6,0.4798490500653144,6.143576159909625e-07,1.0000022347088957,5.406270314635812e-08,3.2329316573193523e-09,3.833467227620611e-09,5.160266774110305e-09,0.0,-2.2204460492492028e-16
0.8,0.3,128,1.7,0.5098396156943965,6.287049714315214e-07,1.000002265617728,5.77131222603492e-08,3.5222407431089927e-09,4.353303278208769e-09,5.817610868312127e-09,0.0,-2.2204460492492028e-16
0.8,0.3,128,1.8,0.5398301813234787,6.438557660877991e-07,1.000002298564492,6.141370864154966e-08,3.826321629284532e-09,4.911167747736986e-09,6.5142172370390205e-09,0.0,-2.2204460492492028e-16
0.8,0.3,128,1.9,0.5698207469525609,6.598072338066631e-07,1.0000023335788233,6.516765136943614e-08,4.146137508631227e-09,5.5082541165592835e-09,7.250364700635356e-09,0.0,-2.2204460492492028e-16
0.8,0.3,128,2.0,0.599811312581643,6.765580495999224e-07,1.0000023706922172,6.897818101753119e-08,4.4827468603364314e-09,6.14583571758332e-09,8.026410081159008e-09,0.0,-2.2204460492492028e-16
0.8,0.3,128,2.1,0.6298018782107252,6.941083732744246e-07,1.0000024099380578,7.284857215101622e-08,4.837306956733891e-09,6.825268573144946e-09,8.842787911958455e-09,0.0,0.0
0.8,0.3,128,2.2,0.6597924438398074,7.124598765303913e-07,1.0000024513516466,7.678214586308224e-08,5.2110733568905614e-09,7.547993178464686e-09,9.700005882391697e-09,0.0,0.0
0.8,0.3,128,2.3000000000000003,0.6897830094688895,7.316157562987448e-07,1.000002494970236,8.07822723562063e-08,5.60539651051378e-09,8.315536896648823e-09,1.059864063017068e-08,0.0,0.0
0.8,0.3,128,2.4,0.7197735750979716,7.515807367225991e-07,1.000002540833061,8.485237351729058e-08,6.021715870064752e-09,9.129516678937481e-09,1.1539331569340522e-08,0.0,-2.2204460492492028e-16
0.8,0.3,128,2.5,0.7497641407270538,7.723610622843445e-07,1.0000025889813762,8.89959255847807e-08,6.461552396754885e-09,9.991641405422845e-09,1.2522775710936764e-08,0.0,0.0
0.8,0.3,128,2.6,0.779754706356136,7.939644842969148e-07,1.00000263945849,9.321646181087659e-08,6.926499106329537e-09,1.090371441049391e-08,1.3549720488172036e-08,0.0,-2.2204460492492028e-16
0.8,0.3,128,2.7,0.8097452719852181,8.16400242482589e-07,1.0000026923098082,9.751757521489629e-08,7.418210849731714e-09,1.1867637036030456e-08,1.4620956527621652e-08,0.0,-2.2204460492492028e-16
0.8,0.3,128,2.8000000000000003,0.8397358376143003,8.396790431974112e-07,1.00000274758287,1.0190292132530046e-07,7.938394847990665e-09,1.2885410808400512e-08,1.573731206674836e-08,0.0,-2.2204460492492028e-16
0.8,0.3,128,2.9,0.8697264032433824,8.638130359518454e-07,1.0000028053273933,1.0637622101602189e-07,8.488801159198837e-09,1.3959140810440442e-08,1.6899647919995544e-08,-2.2204460492492028e-16,0.0
0.8,0.3,128,3.0,0.8997169688724644,8.888157892483116e-07,1.0000028655953217,1.1094126338779205e-07,9.071213326305557e-09,1.50910404816459e-08,1.810884998340813e-08,0.0,-4.4408920984984055e-16
0.8,0.3,128,3.1,0.9297075345015466,9.147022663367452e-07,1.0000029284408651,1.1560190866144182e-07,9.687442054415486e-09,1.6283432233352537e-08,1.936582776397512e-08,-2.2204460492492028e-16,0.0
0.8,0.3,128,3.2,0.9596981001306288,9.414888020508072e-07,1.000002993920555,1.2036209116882848e-07,1.0339319271776866e-08,1.7538753448948512e-08,2.0671509520643853e-08,0.0,-2.2204460492492028e-16
0.8,0.3,128,3.3000000000000003,0.989688665759711,9.69193081249815e-07,1.0000030620932894,1.2522582240471817e-07,1.1028693963684934e-08,1.885955921452645e-08,2.20268408724422e-08,-2.2204460492492028e-16,-2.2204460492492028e-16
0.8,0.3,128,3.4,1.019679231388793,9.978341189422952e-07,1.0000031330203911,1.301971940805973e-07,1.1757430249696489e-08,2.0248526329018625e-08,2.3432783485744403e-08,0.0,0.0
0.8,0.3,128,3.5,1.0496697970178752,1.027432243012003e-06,1.00000320676566,1.3528038135221373e-07,1.2527406505749498e-08,2.1708458593094923e-08,2.4890315630871765e-08,-4.4408920984984055e-16,0.0
0.8,0.3,128,3.6,1.0796603626469574,1.0580090791246353e-06,1.0000032833954298,1.4047964595799604e-07,1.3340516150583522e-08,2.3242289142532325e-08,2.640043211623329e-08,0.0,-2.2204460492492028e-16
0.8,0.3,128,3.7,1.1096509282760396,1.0895875385767568e-06,1.0000033629786305,1.4579933955778348e-07,1.4198669586635771e-08,2.4853086095725693e-08,2.7964147632060917e-08,0.0,-2.2204460492492028e-16
0.8,0.3,128,3.8,1.1396414939051218,1.1221918088396624e-06,1.0000034455868476,1.5124390712408496e-07,1.5103796819504537e-08,2.654405718596656e-08,2.9582497259852287e-08,0.0,-2.2204460492492028e-16
0.8,0.3,128,3.9,1.1696320595342038,1.155847346903189e-06,1.0000035312943885,1.5681789032632142e-07,1.605785082022341e-08,2.8318555083631994e-08,3.125654049014464e-08,-4.4408920984984055e-16,-2.2204460492492028e-16
0.8,0.3,128,4.0,1.199622625163286,1.1905808754311392e-06,1.000003620178347,1.6252593105065148e-07,1.7062811424483396e-08,3.018008088983411e-08,3.298736405572103e-08,-4.4408920984984055e-16,0.0
0.8,0.3,128,4.1,1.229613190792368,1.2264203818624845e-06,1.0000037123186751,1.6837277504328592e-07,1.8120688798759782e-08,3.2132291557435615e-08,3.477608492797349e-08,0.0,-2.2204460492492028e-16
0.8,0.3,128,4.2,1.2596037564214504,1.2633951202630297e-06,1.0000038077982552,1.7436327553604578e-07,1.923352716312969e-08,3.4179003320748675e-08,3.6623853215251196e-08,0.0,-2.2204460492492028e-16
0.8,0.3,128,4.3,1.2895943220505324,1.3015356158857458e-06,1.000003906702971,1.805023970561098e-07,2.0403408044521e-08,3.6324199287193954e-08,3.853185486946393e-08,-4.4408920984984055e-16,-2.2204460492492028e-16
0.8,0.3,128,4.4,1.3195848876796148,1.340873672451267e-06,1.0000040091217886,1.867952192454197e-07,2.1632453180512833e-08,3.857203385226907e-08,4.050131372576277e-08,-2.2204460492492028e-16,-2.2204460492492028e-16
0.8,0.3,128,4.5,1.3495754533086968,1.3814423820737594e-06,1.0000041151468348,1.932469408521128e-07,2.2922827038554336e-08,4.092683997534784e-08,4.2533493702241456e-08,0.0,-2.2204460492492028e-16
0.8,0.3,128,4.6000000000000005,1.379566018937779,1.4232761376738015e-06,1.0000042248734806,1.9986288374920537e-07,2.4276738878266336e-08,4.339313482540677e-08,4.4629700026406855e-08,0.0,-2.2204460492492028e-16
0.8,0.3,128,4.7,1.4095565845668612,1.4664106479872334e-06,1.0000043384004258,2.066484970833176e-07,2.5696443988023043e-08,4.5975626947209854e-08,4.6791278626342e-08,0.0,-2.2204460492492028e-16
0.8,0.3,128,4.8,1.4395471501959431,1.510882954951485e-06,1.0000044558297896,2.136093615645447e-07,2.7184245057343607e-08,4.867922308422852e-08,4.90196173427151e-08,0.0,-2.2204460492492028e-16
0.8,0.3,128,4.9,1.4695377158250251,1.556731453312202e-06,1.0000045772672006,2.2075119377544625e-07,2.8742493055928625e-08,5.150903528128288e-08,5.131614458629649e-08,-2.2204460492492028e-16,-2.2204460492492028e-16
0.8,0.3,128,5.0,1.4995282814541075,1.603995912796058e-06,1.0000047028218944,2.2807985071750123e-07,3.0373587681268264e-08,5.4470388591939475e-08,5.3682328706828576e-08,-4.4408920984984055e-16,0.0
0.8,0.3,128,5.1000000000000005,1.5295188470831895,1.6527175022835924e-06,1.0000048326068085,2.356013343540448e-07,3.2079977991208175e-08,5.7568828954097815e-08,5.611967523329123e-08,-2.2204460492492028e-16,-2.2204460492492028e-16
0.8,0.3,128,5.2,1.559509412712272,1.7029388163283257e-06,1.0000049667386857,2.433217963634432e-07,3.3864162998548576e-08,6.081013068992531e-08,5.862972723888764e-08,-4.4408920984984055e-16,-4.4408920984984055e-16
0.8,0.3,128,5.3,1.589499978341354,1.7547039036708628e-06,1.000005105338179,2.512475429346745e-07,3.572869224551522e-08,6.420030519000475e-08,6.12140610543907e-08,-4.4408920984984055e-16,-2.2204460492492028e-16
0.8,0.3,128,5.4,1.619490543970436,1.8080582980278208e-06,1.0000052485299615,2.593850397974544e-07,3.7676166541237886e-08,6.774560992016482e-08,6.387428583682613e-08,-4.4408920984984055e-16,-2.2204460492492028e-16
0.8,0.3,128,5.5,1.6494811095995183,1.8630490508635368e-06,1.0000053964428353,2.677409173239472e-07,3.9709239219943045e-08,7.14525575751498e-08,6.66120410384834e-08,-4.4408920984984055e-16,0.0
0.8,0.3,128,5.6000000000000005,1.6794716752286003,1.91972476621136e-06,1.000005549209851,2.76321975746194e-07,4.18306173508626e-08,7.532792465071906e-08,6.942899505061808e-08,-4.4408920984984055e-16,-2.2204460492492028e-16
0.8,0.3,128,5.7,1.7094622408576825,1.9781356374533225e-06,1.000005706968424,2.851351905606655e-07,4.4043063382628535e-08,7.937876151968545e-08,7.232684282130925e-08,-4.4408920984984055e-16,-2.2204460492492028e-16
0.8,0.3,128,5.8,1.7394528064867647,2.0383334862880477e-06,1.000005869860461,2.941877181200252e-07,4.6349397345667864e-08,8.361240290871044e-08,7.530730677485826e-08,-4.4408920984984055e-16,-2.2204460492492028e-16
0.8,0.3,128,5.9,1.769443372115847,2.10037180353883e-06,1.0000060380324856,3.034869013052032e-07,4.875249869101815e-08,8.803647844222344e-08,7.837213346600509e-08,-4.4408920984984055e-16,-2.2204460492492028e-16
0.8,0.3,128,6.0,1.7994339377449289,2.164305791948165e-06,1.0000062116357715,3.130402753740235e-07,5.1255308986008975e-08,9.265892260972021e-08,8.15230951952953e-08,-4.4408920984984055e-16,-2.2204460492492028e-16
0.8,0.3,128,6.1000000000000005,1.8294245033740115,2.2301924110609296e-06,1.0000063908264776,3.2285557404688026e-07,5.3860834606110726e-08,9.74879870175946e-08,8.476198923322512e-08,-4.4408920984984055e-16,-2.2204460492492028e-16
0.8,0.3,128,6.2,1.8594150690030933,2.298090423988841e-06,1.0000065757657894,3.3294073565559e-07,5.657214956008584e-08,1.0253225141235685e-07,8.809063841798315e-08,-4.4408920984984055e-16,0.0
0.8,0.3,128,6.3,1.8894056346321757,2.3680604462869067e-06,1.000006766620062,3.433039096204707e-07,5.939239823869594e-08,1.078006368824487e-07,9.151089192084645e-08,-2.2204460492492028e-16,0.0
0.8,0.3,128,6.4,1.9193962002612577,2.440164996705409e-06,1.0000069635609727,3.539534629225499e-07,6.23247984187876e-08,1.1330241675445327e-07,9.502462601028373e-08,-4.4408920984984055e-16,0.0
0.8,0.3,128,6.5,1.94938676589034,2.514468550081796e-06,1.0000071667656736,3.648979869212213e-07,6.537264397898755e-08,1.1904723106254874e-07,9.863374486222258e-08,-4.4408920984984055e-16,-2.2204460492492028e-16
0.8,0.3,128,6.6000000000000005,1.979377331519422,2.591037592216707e-06,1.0000073764169506,3.761463043365591e-07,6.853930774754328e-08,1.2504509927770413e-07,1.023401824332056e-07,-4.4408920984984055e-16,-2.2204460492492028e-16
0.8,0.3,128,6.7,2.009367897148504,2.6699406768865265e-06,1.000007592703389,3.8770747641583444e-07,7.182824381398934e-08,1.313064350530346e-07,1.0614590200759328e-07,-4.4408920984984055e-16,-2.2204460492492028e-16
0.8,0.3,128,6.8,2.039358462777586,2.751248484889864e-06,1.0000078158195436,3.995908103245351e-07,7.524299030111997e-08,1.378420600346027e-07,1.1005289899144649e-07,-4.4408920984984055e-16,-2.2204460492492028e-16
0.8,0.3,128,6.9,2.0693490284066685,2.8350338852050484e-06,1.0000080459661107,4.118058667252617e-07,7.878717123324458e-08,1.4466321923419744e-07,1.1406319988343145e-07,-4.4408920984984055e-16,-2.2204460492492028e-16
0.8,0.3,128,7.0,2.0993395940357504,2.921371998491328e-06,1.0000082833501125,4.24362467684638e-07,8.246449857179238e-08,1.5178159710389012e-07,1.1817886320475484e-07,-4.4408920984984055e-16,-2.2204460492492028e-16
0.8,0.3,128,7.1000000000000005,2.129330159664833,3.0103402625917384e-06,1.0000085281850812,4.372707047045915e-07,8.627877418672505e-08,1.592093329447896e-07,1.224019795909862e-07,-4.4408920984984055e-16,-2.2204460492492028e-16
0.8,0.3,128,7.2,2.159320725293915,3.102018500357014e-06,1.00000878069125,4.505409470477594e-07,9.023389147305427e-08,1.6695903791905066e-07,1.267346721799192e-07,-4.4408920984984055e-16,-2.2204460492492028e-16
0.8,0.3,128,7.3,2.189311290922997,3.1964889899055112e-06,1.0000090410957547,4.641838504057952e-07,9.433383668278449e-08,1.750438131947907e-07,1.3117909416522657e-07,-4.4408920984984055e-16,-2.2204460492492028e-16
0.8,0.3,128,7.4,2.2193018565520792,3.2938365370197062e-06,1.000009309632834,4.782103656373985e-07,9.85826905774492e-08,1.8347726738348941e-07,1.3573742909546216e-07,-6.661338147747608e-16,-2.2204460492492028e-16
0.8,0.3,128,7.5,2.249292422181161,3.394148550069238e-06,1.0000095865440457,4.926317479112458e-07,1.0298462967897701e-07,1.9227353469119773e-07,1.404118887615439e-07,-4.4408920984984055e-16,-2.2204460492492028e-16
0.8,0.3,128,7.6,2.279282987810244,3.4975151173921107e-06,1.0000098720784758,5.074595661959118e-07,1.0754392791377635e-07,2.014472952906184e-07,1.4520471247214738e-07,-4.4408920984984055e-16,-2.2204460492492028e-16
0.8,0.3,128,7.7,2.3092735534393256,3.6040290871642654e-06,1.000010166492971,5.227057128647969e-07,1.1226495768947102e-07,2.1101379494856595e-07,1.5011816348334117e-07,-4.4408920984984055e-16,-2.2204460492492028e-16
0.8,0.3,128,7.8,2.339264119068408,3.713786149879753e-06,1.0000104700523649,5.383824137811807e-07,1.1715219171263174e-07,2.2098886595392025e-07,1.551545285066452e-07,-8.881784196996811e-16,-2.2204460492492028e-16
0.8,0.3,128,7.9,2.36925468469749,3.826884923393645e-06,1.0000107830297158,5.545022385271132e-07,1.2221020456850237e-07,2.313889484626555e-07,1.6031611408814345e-07,-6.661338147747608e-16,-4.4408920984984055e-16
0.8,0.3,128,8.0,2.399245250326572,3.943427040849342e-06,1.0000111057065566,5.710781111617096e-07,1.2744367439528846e-07,2.4223111346683573e-07,1.656052451150117e-07,-8.881784196996811e-16,-4.4408920984984055e-16
0.8,0.3,128,8.1,2.429235815955654,4.06351724120367e-06,1.0000114383731442,5.881233211459501e-07,1.328573850138195e-07,2.535330849390364e-07,1.7102426255824078e-07,-8.881784196996811e-16,-2.2204460492492028e-16
0.8,0.3,128,8.2,2.459226381584736,4.187263462757683e-06,1.000011781328721,6.056515346563693e-07,1.3845622780780376e-07,2.6531326476606535e-07,1.765755204115474e-07,-6.661338147747608e-16,-2.2204460492492028e-16
0.8,0.3,128,8.3,2.489216947213819,4.314776939540735e-06,1.000012134881786,6.236768063292033e-07,1.442452043127871e-07,2.775907569936715e-07,1.8226138468977642e-07,-6.661338147747608e-16,-2.2204460492492028e-16
0.8,0.3,128,8.4,2.519207512842901,4.44617230076043e-06,1.0000124993503698,6.422135913283431e-07,1.502294282205051e-07,2.903853936868727e-07,1.88084230315252e-07,-6.661338147747608e-16,-2.2204460492492028e-16
0.8,0.3,128,8.5,2.5491980784719828,4.581567673357453e-06,1.0000128750623256,6.612767578033842e-07,1.5641412816658253e-07,3.03717761748128e-07,1.9404643994799734e-07,-6.661338147747608e-16,-2.2204460492492028e-16
0.8,0.3,128,8.6,2.5791886441010647,4.721084787760296e-06,1.000013262355617,6.808815998155349e-07,1.628046502241959e-07,3.176092308164265e-07,2.0015040170857242e-07,-6.661338147747608e-16,-2.2204460492492028e-16
0.8,0.3,128,8.700000000000001,2.609179209730147,4.864849086865116e-06,1.0000136615786273,7.010438505339922e-07,1.6940646053521273e-07,3.320819809634394e-07,2.0639850741823253e-07,-6.661338147747608e-16,-4.4408920984984055e-16
0.8,0.3,128,8.8,2.6391697753592296,5.012989838496114e-06,1.0000140730904714,7.217796960476529e-07,1.762251482947716e-07,3.471590334785714e-07,2.1279315210636178e-07,-6.661338147747608e-16,-2.2204460492492028e-16
0.8,0.3,128,8.9,2.669160340988312,5.165640251268767e-06,1.0000144972613187,7.431057894834162e-07,1.8326642795455894e-07,3.628642805315527e-07,2.193367306697581e-07,-6.661338147747608e-16,-2.2204460492492028e-16
0.8,0.3,128,9.0,2.699150906617393,5.3229375940458364e-06,1.0000149344727267,7.650392657192976e-07,1.9053614226840258e-07,3.792225182232387e-07,2.260316376169012e-07,-6.661338147747608e-16,-4.4408920984984055e-16
0.8,0.3,128,9.1,2.7291414722464755,5.485023319084439e-06,1.0000153851179834,7.875977563952475e-07,1.9804026464302797e-07,3.962594778244395e-07,2.328802645404496e-07,-6.661338147747608e-16,-4.4408920984984055e-16
0.8,0.3,128,9.2,2.759132037875558,5.652043188935397e-06,1.00001584960246,8.107994055906018e-07,2.0578490177191653e-07,4.140018612090462e-07,2.398849986691392e-07,-6.661338147747608e-16,-2.2204460492492028e-16
0.8,0.3,128,9.3,2.7891226035046404,5.82414740739097e-06,1.0000163283439794,8.346628860743529e-07,2.1377629591898745e-07,4.3247737586922804e-07,2.4704822056422133e-07,-8.881784196996811e-16,-4.4408920984984055e-16
0.8,0.3,128,9.4,2.8191131691337223,6.001490754261988e-06,1.0000168217731895,8.592074158206596e-07,2.220208271749492e-07,4.51714771293567e-07,2.543723015394947e-07,-8.881784196996811e-16,-2.2204460492492028e-16
0.8,0.3,128,9.5,2.8491037347628043,6.184232724391054e-06,1.0000173303339517,8.844527753638194e-07,2.305250157371968e-07,4.717438776462192e-07,2.618596008884075e-07,-6.661338147747608e-16,-2.2204460492492028e-16
0.8,0.3,128,9.6,2.8790943003918863,6.372537670874813e-06,1.000017854483735,9.104193255221656e-07,2.3929552402515857e-07,4.925956432364233e-07,2.695124640002467e-07,-6.661338147747608e-16,-2.2204460492492028e-16
0.8,0.3,128,9.7,2.9090848660209687,6.566574952756543e-06,1.0000183946940375,9.371280258971182e-07,2.483391583955746e-07,5.143021768110349e-07,2.773332169592904e-07,-6.661338147747608e-16,-4.4408920984984055e-16
0.8,0.3,128,9.8,2.9390754316500507,6.7665190871777895e-06,1.0000189514508038,9.646004538644237e-07,2.576628713452858e-07,5.368967892194282e-07,2.853241639599036e-07,-6.661338147747608e-16,-2.2204460492492028e-16
0.8,0.3,128,9.9,2.969065997279133,6.972549906232582e-06,1.0000195252548607,9.92858824322255e-07,2.672737631598882e-07,5.604140364630323e-07,2.934875827218144e-07,-8.881784196996811e-16,-4.4408920984984055e-16
0.8,0.3,128,10.0,2.999056562908215,7.184852718496114e-06,1.000020116622374,1.0219260099177574e-06,2.7717908388530624e-07,5.848897656647343e-07,3.018257195324937e-07,-8.881784196996811e-16,-2.2204460492492028e-16
0.8,0.3,128,10.1,3.029047128537297,7.403618475635355e-06,1.0000207260853078,1.05182556218665e-06,2.8738623507774924e-07,6.103611609925209e-07,3.103407844130544e-07,-8.881784196996811e-16,-4.4408920984984055e-16
0.8,0.3,128,10.2,3.0590376941663795,7.629043944002001e-06,1.0000213541919034,1.0825817332224617e-06,2.979027718083404e-07,6.368667919940576e-07,3.190349458432229e-07,-8.881784196996811e-16,-4.4408920984984055e-16
0.8,0.3,128,10.3,3.089028259795461,7.86133188164077e-06,1.0000220015071777,1.1142194983483752e-06,3.0873640431182213e-07,6.644466645324529e-07,3.279103243768468e-07,-8.881784196996811e-16,-4.4408920984984055e-16
0.8,0.3,128,10.4,3.119018825424544,8.100691220428302e-06,1.0000226686134253,1.1467645791826518e-06,3.198950001038373e-07,6.931422718895921e-07,3.369689870071636e-07,-8.881784196996811e-16,-4.4408920984984055e-16
0.8,0.3,128,10.5,3.149009391053626,8.347337253928441e-06,1.0000233561107468,1.1802434678090644e-06,3.3138658598546937e-07,7.229966484990575e-07,3.462129406547645e-07,-8.881784196996811e-16,-4.4408920984984055e-16
0.8,0.3,128,10.6,3.178999956682708,8.601491831032614e-06,1.0000240646175838,1.214683451671462e-06,3.4321935012824015e-07,7.540544255641494e-07,3.556441260837021e-07,-8.881784196996811e-16,-4.4408920984984055e-16
0.8,0.3,128,10.7,3.2089905223117903,8.863383555402659e-06,1.0000247947712808,1.2501126393444516e-06,3.554016441972171e-07,7.863618890302728e-07,3.65264410268905e-07,-1.1102230246246014e-15,-4.4408920984984055e-16
0.8,0.3,128,10.8,3.238981087940872,9.133247991025382e-06,1.000025547228656,1.286559987159969e-06,3.679419854367446e-07,8.19967038242788e-07,3.750755792908671e-07,-8.881784196996811e-16,-4.4408920984984055e-16
0.8,0.3,128,10.9,3.2689716535699542,9.411327874056198e-06,1.0000263226665909,1.324055326768384e-06,3.808490591204241e-07,8.549196485042537e-07,3.850793325946859e-07,-8.881784196996811e-16,-4.4408920984984055e-16
0.8,0.3,128,11.0,3.2989622191990366,9.697873331057502e-06,1.000027121782644,1.362629393722647e-06,3.941317208451384e-07,8.912713342515258e-07,3.952772743591262e-07,-8.881784196996811e-16,-4.4408920984984055e-16
0.8,0.3,128,11.1,3.328952784828118,9.993142103944957e-06,1.000027945295671,1.4023138569188831e-06,4.0779899857402957e-07,9.290756154692892e-07,4.056709059684898e-07,-8.881784196996811e-16,-6.661338147747608e-16
0.8,0.3,128,11.2,3.358943350457201,1.0297399781863228e-05,1.000028793946481,1.4431413492588151e-06,4.218600950370129e-07,9.68387985980012e-07,4.16261618254453e-07,-8.881784196996811e-16,-4.4408920984984055e-16
0.8,0.3,128,11.3,3.388933916086283,1.061092003990608e-05,1.0000296684984935,1.4851454991403355e-06,4.363243900379613e-07,1.00926598373384e-06,4.270506842506109e-07,-8.881784196996811e-16,-4.4408920984984055e-16
0.8,0.3,128,11.4,3.418924481715365,1.0933984885370677e-05,1.000030569738432,1.528360963376626e-06,4.512014423535048e-07,1.051769264872845e-06,4.380392492208667e-07,-8.881784196996811e-16,-4.4408920984984055e-16
0.8,0.3,128,11.5,3.4489150473444474,1.1266884911279358e-05,1.0000314984770304,1.572823460909616e-06,4.665009920541381e-07,1.095959679954713e-06,4.4922832326325886e-07,-1.1102230246246014e-15,-4.4408920984984055e-16
0.8,0.3,128,11.6,3.4789056129735294,1.1609919557759489e-05,1.0000324555497595,1.6185698078655293e-06,4.822329623233643e-07,1.141901350550434e-06,4.606187712179192e-07,-8.881784196996811e-16,-4.4408920984984055e-16
0.8,0.3,128,11.7,3.508896178602612,1.1963397381445824e-05,1.0000334418175838,1.6656379540467507e-06,4.984074612530129e-07,1.1896607517810557e-06,4.722113039235029e-07,-8.881784196996811e-16,-4.4408920984984055e-16
0.8,0.3,128,11.8,3.538886744231694,1.2327636332899595e-05,1.00003445816773,1.714067020350632e-06,5.150347835131882e-07,1.2393067971400422e-06,4.840064662097345e-07,-8.881784196996811e-16,-4.4408920984984055e-16
0.8,0.3,128,11.9,3.568877309860776,1.2702964042602611e-05,1.0000355055144925,1.7638973376922975e-06,5.321254120844768e-07,1.2909109234673637e-06,4.960046287893887e-07,-8.881784196996811e-16,-4.4408920984984055e-16
0.8,0.3,128,12.0,3.5988678754898578,1.3089718115625376e-05,1.000036584800048,1.8151704874302976e-06,5.49690019393667e-07,1.344547183305831e-06,5.082059736269596e-07,-1.1102230246246014e-15,-4.4408920984984055e-16
0.8,0.3,128,12.1,3.62885844111894,1.3488246435390356e-05,1.0000376969953135,1.8679293429520412e-06,5.677394686139695e-07,1.4002923364637045e-06,5.206104843305133e-07,-8.881784196996811e-16,-4.4408920984984055e-16
0.8,0.3,128,12.2,3.658849006748023,1.3898907476378667e-05,1.0000388431008087,1.9222181129121745e-06,5.86284814962063e-07,1.458225946905888e-06,5.332179319794332e-07,-1.3322676295495217e-15,-4.4408920984984055e-16
0.8,0.3,128,12.3,3.6888395723771046,1.4322070626731735e-05,1.0000400241475662,1.978082386028566e-06,6.05337306500641e-07,1.5184304830827755e-06,5.460278616063635e-07,-1.1102230246246014e-15,-4.4408920984984055e-16
0.8,0.3,128,12.4,3.7188301380061866,1.4758116520423073e-05,1.0000412411980508,2.035569177317837e-06,6.249083851026015e-07,1.5809914208190705e-06,5.590395782764847e-07,-1.1102230246246014e-15,-4.4408920984984055e-16
0.8,0.3,128,12.5,3.748820703635269,1.5207437379614162e-05,1.000042495347123,2.094726976133468e-06,6.450096871594268e-07,1.6459973499572603e-06,5.722521315597852e-07,-1.1102230246246014e-15,-4.4408920984984055e-16
0.8,0.3,128,12.6,3.778811269264351,1.567043736748422e-05,1.0000437877230202,2.1556057958678074e-06,6.656530442592145e-07,1.7135400856501304e-06,5.856642989739195e-07,-8.881784196996811e-16,-4.4408920984984055e-16
0.8,0.3,128,12.7,3.8088018348934334,1.6147532951742755e-05,1.0000451194883713,2.2182572253511864e-06,6.868504838167788e-07,1.7837147827886624e-06,5.992745696671115e-07,-8.881784196996811e-16,-6.661338147747608e-16
0.8,0.3,128,12.8,3.8387924005225154,1.6639153279235846e-05,1.000046491841247,2.282734482268121e-06,7.086142295568466e-07,1.856620053556004e-06,6.130811272749369e-07,-1.1102230246246014e-15,-4.4408920984984055e-16
0.8,0.3,128,12.9,3.868782966151597,1.714574056197223e-05,1.0000479060162328,2.349092468349029e-06,7.309567019702189e-07,1.932358091790834e-06,6.270818299751761e-07,-1.1102230246246014e-15,-4.4408920984984055e-16
0.8,0.3,128,13.0,3.8987735317806793,1.766775047479722e-05,1.0000493632855456,2.4173878264454737e-06,7.538905187133857e-07,2.0110347981698192e-06,6.412741927125065e-07,-1.3322676295495217e-15,-4.4408920984984055e-16
0.8,0.3,128,13.1,3.9287640974097617,1.8205652565385893e-05,1.0000508649601727,2.4876789999164453e-06,7.774284948659525e-07,2.0927599121665974e-06,6.556553663910224e-07,-1.1102230246246014e-15,-6.661338147747608e-16
0.8,0.3,128,13.2,3.958754663038844,1.875993067653301e-05,1.000052412391057,2.5600262939922064e-06,8.015836432527802e-07,2.1776471478003853e-06,6.702221171457811e-07,-1.3322676295495217e-15,-6.661338147747608e-16
0.8,0.3,128,13.3,3.988745228667926,1.9331083381333903e-05,1.0000540069703103,2.634491939221593e-06,8.263691744213828e-07,2.265814334825876e-06,6.849708040977338e-07,-1.3322676295495217e-15,-4.4408920984984055e-16
0.8,0.3,128,13.4,4.018735794297008,1.991962443170849e-05,1.0000556501324658,2.7111401575619e-06,8.517984968040677e-07,2.357383562767336e-06,6.998973579023343e-07,-1.3322676295495217e-15,-6.661338147747608e-16
0.8,0.3,128,13.5,4.04872635992609,2.05260832204754e-05,1.0000573433557705,2.790037230335144e-06,8.77885216599984e-07,2.4524813328590683e-06,7.149972558858255e-07,-1.3322676295495217e-15,-4.4408920984984055e-16
0.8,0.3,128,13.6,4.078716925555172,2.1151005257543876e-05,1.0000590881635152,2.871251569230225e-06,9.046431374419844e-07,2.5512387125761176e-06,7.302654985317404e-07,-1.3322676295495217e-15,-6.661338147747608e-16
0.8,0.3,128,13.7,4.108707491184255,2.179495266059772e-05,1.0000608861254052,2.954853789257771e-06,9.320862600609392e-07,2.6537914979269974e-06,7.456965833858817e-07,-1.3322676295495217e-15,-6.661338147747608e-16
0.8,0.3,128,13.8,4.138698056813337,2.2458504660705068e-05,1.000062738858972,3.0409167848246318e-06,9.602287817285451e-07,2.7602803786053277e-06,7.612844797293937e-07,-8.881784196996811e-16,-6.661338147747608e-16
0.8,0.3,128,13.9,4.168688622442419,2.3142258123392465e-05,1.0000646480310331,3.129515808320623e-06,9.890850953103097e-07,2.8708511121243957e-06,7.770225996443546e-07,-8.881784196996811e-16,-6.661338147747608e-16
0.8,0.3,128,14.0,4.198679188071501,2.3846828085360857e-05,1.0000666153591875,3.220728551332011e-06,1.018669788399878e-06,2.985654699899165e-06,7.929037702301283e-07,-1.1102230246246014e-15,-8.881784196996811e-16
0.8,0.3,128,14.1,4.228669753700583,2.457284830793796e-05,1.0000686426133665,3.314635229449673e-06,1.0489976418663492e-06,3.1048475746472e-06,8.089202028024629e-07,-8.881784196996811e-16,-6.661338147747608e-16
0.8,0.3,128,14.2,4.258660319329666,2.5320971846938057e-05,1.000070731617421,3.4113186693038965e-06,1.0800836284173672e-06,3.2285917889287803e-06,8.250634625099333e-07,-1.1102230246246014e-15,-4.4408920984984055e-16
0.8,0.3,128,14.3,4.288650884958748,2.6091871640286324e-05,1.0000728842507705,3.510864399493289e-06,1.1119429106527764e-06,3.3570552142520757e-06,8.413244343576273e-07,-1.1102230246246014e-15,-6.661338147747608e-16
0.8,0.3,128,14.4,4.31864145058783,2.688624111308868e-05,1.000075102450089,3.613360744144724e-06,1.1445908392951367e-06,3.490411744264891e-06,8.576932903190184e-07,-1.1102230246246014e-15,-6.661338147747608e-16
0.8,0.3,128,14.5,4.348632016216912,2.770479480153498e-05,1.0000773882110503,3.7188989203278894e-06,1.178042950398053e-06,3.628841506500909e-06,8.741594521873842e-07,-1.1102230246246014e-15,-8.881784196996811e-16
0.8,0.3,128,14.6,4.378622581845994,2.854826899561038e-05,1.0000797435901252,3.827573138904264e-06,1.2123149629786626e-06,3.7725310820060497e-06,8.907115545537301e-07,-1.1102230246246014e-15,-8.881784196996811e-16
0.8,0.3,128,14.7,4.4086131474750765,2.941742240131192e-05,1.0000821707064338,3.939480708618587e-06,1.2474227761176003e-06,3.921673729662852e-06,9.073374061998044e-07,-1.1102230246246014e-15,-8.881784196996811e-16
0.8,0.3,128,14.8,4.438603713104159,3.031303682315928e-05,1.000084671743651,4.0547221446095615e-06,1.2833824656115104e-06,4.076469621886855e-06,9.240239477795288e-07,-1.1102230246246014e-15,-8.881784196996811e-16
0.8,0.3,128,14.9,4.46859427873324,3.123591786739142e-05,1.0000872489519712,4.173401280324052e-06,1.320210280734612e-06,4.237126085982473e-06,9.407572097975016e-07,-1.1102230246246014e-15,-6.661338147747608e-16
0.8,0.3,128,15.0,4.498584844362322,3.218689566666659e-05,1.00008990465014,4.295625383682559e-06,1.35792264045085e-06,4.403857854599698e-06,9.575222681379324e-07,-1.1102230246246014e-15,-8.881784196996811e-16
0.8,0.3,128,15.1,4.528575409991404,3.316682562670608e-05,1.000092641227535,4.421505277356266e-06,1.3965361294987622e-06,4.576887324736252e-06,9.743031957296797e-07,-1.1102230246246014e-15,-8.881784196996811e-16
0.8,0.3,128,15.2,4.558565975620487,3.417658919576477e-05,1.000095461146323,4.551155463478039e-06,1.4360674943534943e-06,4.756444825468791e-06,9.910830156038674e-07,-1.1102230246246014e-15,-8.881784196996811e-16
0.8,0.3,128,15.3,4.588556541249569,3.521709465746127e-05,1.0000983669436732,4.68469425275616e-06,1.4765336387998168e-06,4.942768895522845e-06,1.0078436485320551e-06,-8.881784196996811e-16,-6.661338147747608e-16
0.8,0.3,128,15.4,4.618547106878651,3.628927794780184e-05,1.0001013612340413,4.822243898376584e-06,1.5179516194157696e-06,5.136106569479181e-06,1.02456586097974e-06,-8.881784196996811e-16,-8.881784196996811e-16
0.8,0.3,128,15.5,4.648537672507733,3.739410349708543e-05,1.000104446711527,4.963930734542378e-06,1.560338640688634e-06,5.336713674428025e-06,1.041229208979902e-06,-8.881784196996811e-16,-6.661338147747608e-16
0.8,0.3,128,15.6,4.678528238136815,3.853256509737446e-05,1.000107626152298,5.109885320315732e-06,1.603712050211924e-06,5.544855137289891e-06,1.0578119809515931e-06,-8.881784196996811e-16,-6.661338147747608e-16
0.8,0.3,128,15.7,4.708518803765898,3.970568679640408e-05,1.0001109024170896,5.260242588224647e-06,1.6480893333566035e-06,5.760805300610968e-06,1.0742911382427737e-06,-8.881784196996811e-16,-6.661338147747608e-16
0.8,0.3,128,15.8,4.73850936939498,4.0914523818689625e-05,1.0001142784537806,5.415141998449451e-06,1.6934881080847766e-06,5.984848251268558e-06,1.0906422530692429e-06,-1.1102230246246014e-15,-8.881784196996811e-16
0.8,0.3,128,15.9,4.768499935024062,4.216016351481278e-05,1.0001177573000504,5.574727698846073e-06,1.7399261191884223e-06,6.21727816073743e-06,1.1068394427087945e-06,-8.881784196996811e-16,-8.881784196996811e-16
0.8,0.3,128,16.0,4.798490500653144,4.3443726339353305e-05,1.0001213420861128,5.739148690108318e-06,1.7874212325970356e-06,6.458399634561827e-06,1.122855303089792e-06,-8.881784196996811e-16,-8.881784196996811e-16
0.8,0.3,128,16.1,4.828481066282227,4.476636685885519e-05,1.0001250360375342,5.908558997366664e-06,1.835991429391576e-06,6.708528075738251e-06,1.138660839265107e-06,-8.881784196996811e-16,-6.661338147747608e-16
0.8,0.3,128,16.2,4.858471631911308,4.612927479025425e-05,1.0001288424781432,6.08311784777774e-06,1.8856547996992096e-06,6.967990061033914e-06,1.1542253915540625e-06,-1.1102230246246014e-15,-8.881784196996811e-16
0.8,0.3,128,16.3,4.888462197540391,4.753367607113103e-05,1.0001327648330172,6.262989854474686e-06,1.9364295361116108e-06,7.23712372791077e-06,1.1695165606000967e-06,-8.881784196996811e-16,-6.661338147747608e-16
0.8,0.3,128,16.4,4.918452763169472,4.898083396234544e-05,1.0001368066315754,6.448345207179105e-06,1.9883339273831588e-06,7.5162791764573455e-06,1.1845001296826238e-06,-1.1102230246246014e-15,-6.661338147747608e-16
0.8,0.3,128,16.5,4.948443328798555,5.047205018443545e-05,1.0001409715107523,6.639359869650134e-06,2.0413863515483617e-06,7.805818885153885e-06,1.199139981480276e-06,-1.1102230246246014e-15,-6.661338147747608e-16
0.8,0.3,128,16.6,4.978433894427638,5.200866608844708e-05,1.0001452632182768,6.836215784164364e-06,2.095605269086065e-06,8.106118139483734e-06,1.213398014337905e-06,-1.1102230246246014e-15,-8.881784196996811e-16
0.8,0.3,128,16.7,5.008424460056719,5.359206386252056e-05,1.000149685616047,7.039101083353846e-06,2.151009215805266e-06,8.417565477061878e-06,1.2272340528885792e-06,-1.1102230246246014e-15,-6.661338147747608e-16
0.8,0.3,128,16.8,5.038415025685802,5.522366777512296e-05,1.00015424268361,7.248210309646777e-06,2.2076167958995226e-06,8.74056314556959e-06,1.2406057575582928e-06,-1.1102230246246014e-15,-8.881784196996811e-16
0.8,0.3,128,16.9,5.068405591314883,5.690494545629388e-05,1.0001589385217455,7.463744642632299e-06,2.2654466746651268e-06,9.075527579166942e-06,1.2534685282425709e-06,-1.1102230246246014e-15,-8.881784196996811e-16
0.8,0.3,128,17.0,5.0983961569439655,5.8637409217595744e-05,1.000163777356167,7.685912134210024e-06,2.3245175714052763e-06,9.42288988804599e-06,1.2657754053387863e-06,-1.1102230246246014e-15,-6.661338147747608e-16
0.8,0.3,128,17.1,5.128386722573048,6.042261741257436e-05,1.0001687635413177,7.914927952648344e-06,2.3848482523165016e-06,9.78309636800699e-06,1.2774769671299866e-06,-1.1102230246246014e-15,-6.661338147747608e-16
0.8,0.3,128,17.2,5.1583772882021295,6.22621758385094e-05,1.0001739015643063,8.15101463502944e-06,2.446457523455224e-06,1.0156609024344908e-05,1.2885212219860076e-06,-1.1102230246246014e-15,-8.881784196996811e-16
0.8,0.3,128,17.3,5.188367853831212,6.41577391807236e-05,1.000179196048944,8.394402348706462e-06,2.509364223967228e-06,1.0543906115965425e-05,1.2988534981076552e-06,-1.1102230246246014e-15,-8.881784196996811e-16
0.8,0.3,128,17.400000000000002,5.218358419460294,6.611101250106169e-05,1.000184651759911,8.645329162135692e-06,2.5735872195747183e-06,1.0945482715678462e-05,1.3084163287414407e-06,-8.881784196996811e-16,-6.661338147747608e-16
0.8,0.3,128,17.5,5.248348985089376,6.812375277156581e-05,1.000190273607052,8.90404132553672e-06,2.639145396400794e-06,1.1361851292855602e-05,1.3171493316694677e-06,-1.3322676295495217e-15,-6.661338147747608e-16
0.8,0.3,128,17.6,5.278339550718459,7.019777045488214e-05,1.0001960666498035,9.170793561162304e-06,2.706057655242012e-06,1.1793542312690173e-05,1.324989086239026e-06,-1.3322676295495217e-15,-8.881784196996811e-16
0.8,0.3,128,17.7,5.30833011634754,7.233493113279011e-05,1.000202036101751,9.44584936426226e-06,2.7743429064490662e-06,1.2241104856970336e-05,1.3318690065380166e-06,-1.1102230246246014e-15,-8.881784196996811e-16
0.8,0.3,128,17.8,5.338320681976623,7.453715718423325e-05,1.000208187335329,9.729481314368142e-06,2.844020065516155e-06,1.2705107267144084e-05,1.3377192083350396e-06,-1.1102230246246014e-15,-8.881784196996811e-16
0.8,0.3,128,17.900000000000002,5.368311247605705,7.68064295145413e-05,1.0002145258866644,1.0021971397901356e-05,2.915108049487434e-06,1.3186137807627836e-05,1.3424663744738932e-06,-1.1102230246246014e-15,-6.661338147747608e-16
0.8,0.3,128,18.0,5.398301813234787,7.914478933730111e-05,1.000221057460569,1.0323611342311936e-05,2.9876257740817307e-06,1.368480535232166e-05,1.34603361397255e-06,-1.1102230246246014e-15,-6.661338147747608e-16
0.8,0.3,128,18.1,5.42829237886387,8.155434001034277e-05,1.000227787935678,1.0634702961627835e-05,3.0615921522741417e-06,1.4201740094802676e-05,1.3483403183922904e-06,-8.881784196996811e-16,-8.881784196996811e-16
0.8,0.3,128,18.2,5.458282944492951,8.4037248927765e-05,1.0002347233697555,1.0955558514579464e-05,3.1370260939548123e-06,1.473759428209578e-05,1.3493020168054657e-06,-8.881784196996811e-16,-6.661338147747608e-16
0.8,0.3,128,18.3,5.488273510122034,8.659574946950636e-05,1.0002418700051563,1.128650107542304e-05,3.213946506813443e-06,1.529304297349909e-05,1.348830223309706e-06,-1.3322676295495217e-15,-8.881784196996811e-16
0.8,0.3,128,18.4,5.518264075751116,8.92321430102469e-05,1.000249234274451,1.162786491747255e-05,3.292372299253776e-06,1.5868784825161448e-05,1.3468322865209873e-06,-1.1102230246246014e-15,-8.881784196996811e-16
0.8,0.3,128,18.5,5.548254641380198,9.194880098950218e-05,1.000256822806229,1.1979995910730293e-05,3.372322384772285e-06,1.6465542901760642e-05,1.3432112360018169e-06,-1.1102230246246014e-15,-8.881784196996811e-16
0.8,0.3,128,18.6,5.578245207009281,9.474816704477745e-05,1.0002646424310817,1.234325193308313e-05,3.4538156885964243e-06,1.708406551462318e-05,1.337865627433081e-06,-1.1102230246246014e-15,-8.881784196996811e-16
0.8,0.3,128,18.7,5.608235772638362,9.763275920955424e-05,1.0002727001877538,1.271800329618463e-05,3.536871156398653e-06,1.7725127089666597e-05,1.3306893897923423e-06,-1.1102230246246014e-15,-8.881784196996811e-16
0.8,0.3,128,18.8,5.638226338267445,0.0001006051721782,1.0002810033295022,1.3104633186271004e-05,3.6215077659489273e-06,1.838952906379092e-05,1.321571676870795e-06,-8.881784196996811e-16,-6.661338147747608e-16
0.8,0.3,128,18.9,5.668216903896527,0.0001036680796403,1.0002895593306336,1.3503538120675274e-05,3.7077445411840897e-06,1.9078100811764867e-05,1.3103967239150629e-06,-8.881784196996811e-16,-6.661338147747608e-16
0.8,0.3,128,19.0,5.698207469525609,0.000106824236685,1.0002983758932489,1.3915128420068043e-05,3.795600569806531e-06,1.979170060467424e-05,1.2970437143365876e-06,-1.1102230246246014e-15,-6.661338147747608e-16
0.8,0.3,128,19.1,5.728198035154691,0.0001100764822796,1.000307460954194,1.4339828697606187e-05,3.8850950243688685e-06,2.053121660139437e-05,1.2813866647297134e-06,-8.881784196996811e-16,-8.881784196996811e-16
0.8,0.3,128,19.2,5.758188600783773,0.0001134277418234,1.0003168226922217,1.477807836480965e-05,3.976247187302508e-06,2.129756787238235e-05,1.2632943317272997e-06,-8.881784196996811e-16,-6.661338147747608e-16
0.8,0.3,128,19.3,5.788179166412856,0.0001168810297785,1.0003264695353715,1.5230332155855395e-05,4.069076480307968e-06,2.209170545914176e-05,1.2426301549691991e-06,-8.881784196996811e-16,-6.661338147747608e-16
0.8,0.3,128,19.4,5.818169732041937,0.0001204394523818,1.0003364101685774,1.5697060669475814e-05,4.163602498773634e-06,2.291461346900456e-05,1.2192522514994083e-06,-8.881784196996811e-16,-8.881784196996811e-16
0.8,0.3,128,19.5,5.848160297671019,0.000124106210439,1.0003466535415062,1.617875093035712e-05,4.2598450514110095e-06,2.376731020716088e-05,1.1930134840330703e-06,-8.881784196996811e-16,-8.881784196996811e-16
0.8,0.3,128,19.6,5.878150863300101,0.0001278846022036,1.0003572088766393,1.6675906970055146e-05,4.357824206110639e-06,2.465084934776389e-05,1.1637616392499652e-06,-8.881784196996811e-16,-8.881784196996811e-16
0.8,0.3,128,19.7,5.908141428929183,0.0001317780263436,1.0003680856775945,1.718905042812418e-05,4.457560342118899e-06,2.5566321142689995e-05,1.1313397641123226e-06,-8.881784196996811e-16,-6.661338147747608e-16
0.8,0.3,128,19.8,5.938131994558266,0.0001357899849987,1.000379293737713,1.7718721174150748e-05,4.559074209736656e-06,2.651485367282812e-05,1.0955867424412702e-06,-8.881784196996811e-16,-6.661338147747608e-16
0.8,0.3,128,19.9,5.968122560187348,0.0001399240869308,1.0003908431488993,1.826547795179365e-05,4.662386997910483e-06,2.749761414090881e-05,1.0563382325497256e-06,-6.661338147747608e-16,-8.881784196996811e-16
0.8,0.3,128,20.0,5.99811312581643,0.0001441840507694,1.000402744310735,1.882989904503437e-05,4.76752041057462e-06,2.85158102083274e-05,1.013428161164561e-06,-8.881784196996811e-16,-6.661338147747608e-16
0.8,0.3,128,20.1,6.028103691445512,0.000148573708357,1.0004150079398777,1.941258296770948e-05,4.874496752679437e-06,2.9570691377358616e-05,9.66691102323866e-07,-6.661338147747608e-16,-6.661338147747608e-16
0.8,0.3,128,20.2,6.058094257074594,0.0001530970081958,1.000427645079734,2.0014149177270155e-05,4.9833390267415055e-06,3.0663550419154944e-05,9.159660939925524e-07,-6.661338147747608e-16,-8.881784196996811e-16
0.8,0.3,128,20.3,6.088084822703677,0.0001577580189991,1.0004406671104469,2.063523881265077e-05,5.094071041004933e-06,3.17957248501335e-05,8.611028746871655e-07,-6.661338147747608e-16,-8.881784196996811e-16
0.8,0.3,128,20.4,6.118075388332759,0.0001625609333516,1.0004540857591702,2.1276515458943637e-05,5.206717530066656e-06,3.296859845953497e-05,8.019723535415493e-07,-6.661338147747608e-16,-8.881784196996811e-16
0.8,0.3,128,20.5,6.148065953961841,0.0001675100714799,1.0004679131106726,2.193866593770548e-05,5.321304289281139e-06,3.418360288660068e-05,7.384848330186789e-07,-6.661338147747608e-16,-8.881784196996811e-16
0.8,0.3,128,20.6,6.178056519590923,0.0001726098851393,1.000482161618259,2.2622401124919536e-05,5.4378583241282095e-06,3.544221925205657e-05,6.706232087514036e-07,-6.661338147747608e-16,-8.881784196996811e-16
0.8,0.3,128,20.7,6.208047085220005,0.0001778649616176,1.000496844115029,2.332845679749449e-05,5.556408015791731e-06,3.674597984399905e-05,5.985069859809298e-07,-6.661338147747608e-16,-6.661338147747608e-16
0.8,0.3,128,20.8,6.238037650849088,0.0001832800278616,1.0005119738254773,2.405759450947156e-05,5.676983304370548e-06,3.809646986221452e-05,5.225245817914784e-07,-6.661338147747608e-16,-8.881784196996811e-16
0.8,0.3,128,20.9,6.26802821647817,0.000188859954729,1.0005275643774545,2.4810602497558044e-05,5.7996158912247946e-06,3.949532921799137e-05,4.4363043031010674e-07,-6.661338147747608e-16,-8.881784196996811e-16
0.8,0.3,128,21.0,6.298018782107252,0.0001946097613695,1.0005436298144956,2.5588296619055902e-05,5.924339462045658e-06,4.094425439835697e-05,3.640770225534791e-07,-4.4408920984984055e-16,-8.881784196996811e-16
0.8,0.3,128,21.1,6.328009347736334,0.0002005346197398,1.0005601846085166,2.6391521321757903e-05,6.051189932295819e-06,4.244500039050789e-05,2.8936168843226005e-07,-4.4408920984984055e-16,-8.881784196996811e-16
0.8,0.3,128,21.2,6.357999913365416,0.0002066398592555,1.000577243672914,2.722115064774824e-05,6.1802057169119865e-06,4.399938267207817e-05,2.3305164624802602e-07,-4.4408920984984055e-16,-8.881784196996811e-16
0.8,0.3,128,21.3,6.387990478994499,0.0002129309715853,1.0005948223760572,2.8078089271088444e-05,6.311428026078464e-06,4.560927926745887e-05,2.209844246524108e-07,-4.4408920984984055e-16,-8.881784196996811e-16
0.8,0.3,128,21.4,6.4179810446235805,0.0002194136155901,1.0006129365551977,2.896327357269688e-05,6.4449011891760176e-06,4.727663287542852e-05,2.691705878924397e-07,-4.4408920984984055e-16,-8.881784196996811e-16
0.8,0.3,128,21.5,6.447971610252663,0.0002260936224137,1.0006316025308055,2.9877672751053652e-05,6.580673008963007e-06,4.9003453066204e-05,3.619730842684608e-07,-4.4408920984984055e-16,-8.881784196996811e-16
0.8,0.3,128,21.6,6.4779621758817445,0.0002329770007276,1.0006508371213458,3.0822289972229365e-05,6.718795148364723e-06,5.079181855313642e-05,4.80808910534655e-07,-4.4408920984984055e-16,-8.881784196996811e-16
0.8,0.3,128,21.7,6.5079527415108265,0.0002400699421359,1.0006706576585116,3.1798163558803975e-05,6.859323552019548e-06,5.2643879541295567e-05,6.167622443690659e-07,-4.4408920984984055e-16,-8.881784196996811e-16
0.8,0.3,128,21.8,6.5379433071399085,0.0002473788267446,1.0006910820029198,3.2806368220303645e-05,7.0023189052832725e-06,5.456186015372446e-05,7.662335741801758e-07,-6.661338147747608e-16,-8.881784196996811e-16
0.8,0.3,128,21.9,6.567933872768991,0.0002549102289002,1.00071212856029,3.3848016326201735e-05,7.147847133076485e-06,5.65480609418974e-05,9.278019583422744e-07,-4.4408920984984055e-16,-8.881784196996811e-16
0.8,0.3,128,22.0,6.597924438398073,0.0002626709231039,1.0007338162981303,3.492425922191661e-05,7.295979941256304e-06,5.860486147673834e-05,1.100976702891505e-06,-4.4408920984984055e-16,-8.881784196996811e-16
0.8,0.3,128,22.1,6.627915004027155,0.0002706678901045,1.0007561647629213,3.603628859138186e-05,7.446795403321771e-06,6.0734723030570337e-05,1.2857073021121426e-06,-4.4408920984984055e-16,-8.881784196996811e-16
0.8,0.3,128,22.2,6.657905569656237,0.0002789083231782,1.00077919409784,3.718533786533607e-05,7.600378595077274e-06,6.294019134645904e-05,1.4821752795536544e-06,-6.661338147747608e-16,-8.881784196996811e-16
0.8,0.3,128,22.3,6.687896135285319,0.0002873996345983,1.000802925061023,3.8372683678849046e-05,7.7568222801859e-06,6.522389950167183e-05,1.6906979371713094e-06,-6.661338147747608e-16,-8.881784196996811e-16
0.8,0.3,128,22.4,6.717886700914402,0.0002961494623031,1.0008273790443984,3.9599647378614994e-05,7.916227649447206e-06,6.758857086754229e-05,1.911680457512954e-06,-2.2204460492492028e-16,-8.881784196996811e-16
0.8,0.3,128,22.5,6.747877266543484,0.0003051656767655,1.000852578093088,4.086759658231071e-05,8.07870511651104e-06,7.003702216823492e-05,2.1455906223777893e-06,-4.4408920984984055e-16,-8.881784196996811e-16
0.8,0.3,128,22.6,6.777867832172566,0.0003144563880731,1.000878544925417,4.217794679138876e-05,8.244375172865821e-06,7.257216664270783e-05,2.3929448669904203e-06,-4.4408920984984055e-16,-8.881784196996811e-16
0.8,0.3,128,22.7,6.807858397801648,0.0003240299532225,1.0009053029535315,4.353216305910904e-05,8.413369304683655e-06,7.519701731190865e-05,2.6543003670332506e-06,-4.4408920984984055e-16,-1.1102230246246014e-15
0.8,0.3,128,22.8,6.83784896343073,0.0003338949836371,1.0009328763046608,4.493176171636014e-05,8.585830974161121e-06,7.79146903566403e-05,2.9302505107260262e-06,-4.4408920984984055e-16,-8.881784196996811e-16
0.8,0.3,128,22.9,6.867839529059813,0.000344060352912,1.000961289843025,4.6378312156151e-05,8.761916667513527e-06,8.072840860887277e-05,3.221422356024037e-06,-4.4408920984984055e-16,-1.3322676295495217e-15
0.8,0.3,128,23.0,6.897830094688895,0.0003545352047967,1.0009905691924268,4.787343867970465e-05,8.941797011755904e-06,8.364150515869575e-05,3.528475303916164e-06,-4.4408920984984055e-16,-1.1102230246246014e-15
0.8,0.3,128,23.1,6.927820660317977,0.0003653289614191,1.0010207407595364,4.941882240572931e-05,9.125657962081625e-06,8.665742708473075e-05,3.852100548324144e-06,-4.4408920984984055e-16,-1.1102230246246014e-15
0.8,0.3,128,23.2,6.957811225947059,0.0003764513317609,1.001051831757898,5.101620324507773e-05,9.313702060945836e-06,8.977973930668083e-05,4.193021036174212e-06,-4.4408920984984055e-16,-8.881784196996811e-16
0.8,0.3,128,23.3,6.987801791576141,0.0003879123203906,1.001083870232672,5.266738194360415e-05,9.506149769956448e-06,9.30121285707378e-05,4.551991781403081e-06,-6.661338147747608e-16,-1.1102230246246014e-15
0.8,0.3,128,23.4,7.017792357205224,0.0003997222364624,1.0011168850861496,5.437422219418303e-05,9.703240874501816e-06,9.635840756554974e-05,4.929800426681868e-06,-4.4408920984984055e-16,-8.881784196996811e-16
0.8,0.3,128,23.5,7.047782922834306,0.0004118917029896,1.001150906104049,5.613865282174349e-05,9.905235961183504e-06,9.982251917732532e-05,5.3272679947132944e-06,-2.2204460492492028e-16,-1.1102230246246014e-15
0.8,0.3,128,23.6,7.077773488463388,0.0004244316663988,1.00118596398263,5.796267004271466e-05,1.0112417966360069e-05,0.0001034085408881,5.7452497799806015e-06,-4.4408920984984055e-16,-8.881784196996811e-16
0.8,0.3,128,23.7,7.10776405409247,0.0004373534063772,1.001222090356643,5.9848339802370913e-05,1.0325093794276216e-05,0.0001071206893218,6.184636357832284e-06,-4.4408920984984055e-16,-8.881784196996811e-16
0.8,0.3,128,23.8,7.137754619721552,0.0004506685460178,1.0012593178281484,6.179780019144485e-05,1.054359600153068e-05,0.0001109633249409,6.646354689596599e-06,-4.4408920984984055e-16,-8.881784196996811e-16
0.8,0.3,128,23.9,7.167745185350634,0.000464389062274,1.001297679996226,6.381326394576454e-05,1.0768284544023456e-05,0.0001149409569024,7.131369311453277e-06,-4.4408920984984055e-16,-8.881784196996811e-16
0.8,0.3,128,24.0,7.197735750979716,0.0004785272967331,1.001337211487601,6.589702103154934e-05,1.0999548581340352e-05,0.0001190582480759,7.64068359773572e-06,-4.4408920984984055e-16,-8.881784196996811e-16
0.8,0.3,128,24.1,7.227726316608798,0.000493095966717,1.001377947988225,6.805144131883375e-05,1.1237808332279392e-05,0.0001233200202299,8.17534109522674e-06,-4.4408920984984055e-16,-8.881784196996811e-16
0.8,0.3,128,24.2,7.25771688223788,0.0005081081767213,1.0014199262758363,7.027897734617402e-05,1.148351697397338e-05,0.0001277312593914,8.736426920827502e-06,-4.4408920984984055e-16,-1.1102230246246014e-15
0.8,0.3,128,24.3,7.287707447866962,0.0005235774302021,1.0014631842535295,7.258216718032322e-05,1.1737162576453744e-05,0.0001322971213876,9.325069226712588e-06,-2.2204460492492028e-16,-8.881784196996811e-16
0.8,0.3,128,24.4,7.317698013496045,0.0005395176417223,1.0015077609843628,7.496363737293128e-05,1.1999270062104078e-05,0.0001370229375691,9.942440722263775e-06,-2.2204460492492028e-16,-8.881784196996811e-16
0.8,0.3,128,24.5,7.347688579125126,0.0005559431494673,1.0015536967270509,7.742610601883407e-05,1.227040317947858e-05,0.00014191422073,1.0589760261912816e-05,-4.4408920984984055e-16,-1.1102230246246014e-15
0.8,0.3,128,24.6,7.377679144754209,0.0005728687281416,1.001601032972758,7.997238591806107e-05,1.2551166479543464e-05,0.0001469766712215,1.1268294493509712e-05,-4.4408920984984055e-16,-8.881784196996811e-16
0.8,0.3,128,24.7,7.407669710383291,0.0005903096022585,1.0016498124830415,8.260538784647735e-05,1.2842207281053477e-05,0.0001522161832746,1.1979359567380214e-05,-4.4408920984984055e-16,-8.881784196996811e-16
0.8,0.3,128,24.8,7.437660276012373,0.0006082814598336,1.0017000793289748,8.532812393748852e-05,1.3144217611900111e-05,0.0001576388515317,1.2724322910939252e-05,-4.4408920984984055e-16,-1.1102230246246014e-15
0.8,0.3,128,24.9,7.467650841641456,0.0006268004664955,1.0017518789314868,8.814371117922334e-05,1.3457936112244258e-05,0.0001632509777991,1.350460506634182e-05,-4.4408920984984055e-16,-1.1102230246246014e-15
0.8,0.3,128,25.0,7.497641407270537,0.0006458832800269,1.001805258102964,9.1055375031275e-05,1.3784149885428388e-05,0.0001690590780252,1.4321681594018351e-05,-4.4408920984984055e-16,-1.1102230246246014e-15
0.8,0.3,128,25.1,7.52763197289962,0.0006655470653466,1.0018602650901447,9.406645316430354e-05,1.4123696282790095e-05,0.000175069889512,1.51770850431187e-05,-4.4408920984984055e-16,-1.1102230246246014e-15
0.8,0.3,128,25.2,7.557622538528702,0.0006858095099492,1.0019169496183546,9.718039932727986e-05,1.4477464609219424e-05,0.00018129037837,1.6072406991370284e-05,-4.4408920984984055e-16,-8.881784196996811e-16
0.8,0.3,128,25.3,7.587613104157784,0.000706688839814,1.0019753629371282,0.0001004007873465,1.4846397737720527e-05,0.0001877277472209,1.7009300155817098e-05,-4.4408920984984055e-16,-1.1102230246246014e-15
0.8,0.3,128,25.4,7.617603669786867,0.0007282038357982,1.0020355578672488,0.0001037313152611,1.5231493622095797e-05,0.0001943894431608,1.7989480576484535e-05,-4.4408920984984055e-16,-1.1102230246246014e-15
0.8,0.3,128,25.5,7.647594235415948,0.0007503738505293,1.0020975888492651,0.0001071758095986,1.563380669960779e-05,0.0002012831659886,1.9014729874735785e-05,-4.4408920984984055e-16,-8.881784196996811e-16
0.8,0.3,128,25.6,7.677584801045031,0.0007732188258118,1.0021615119935334,0.000110738229797,1.6054449177602135e-05,0.0002084168767115,2.0086897588046587e-05,-4.4408920984984055e-16,-1.3322676295495217e-15
0.8,0.3,128,25.7,7.707575366674113,0.0007967593105634,1.002227385131807,0.0001144226727767,1.6494592201663103e-05,0.0002157988063361,2.120790358766124e-05,-2.2204460492492028e-16,-1.1102230246246014e-15
0.8,0.3,128,25.8,7.737565932303195,0.0008210164792978,1.0022952678704695,0.0001182333776684,1.695546690429551e-05,0.0002234374649518,2.237974057413545e-05,-4.4408920984984055e-16,-1.3322676295495217e-15
0.8,0.3,128,25.9,7.767556497932277,0.0008460121511691,1.0023652216454244,0.0001221747307017,1.7438365339368036e-05,0.0002313416511239,2.360447666144434e-05,-4.4408920984984055e-16,-1.1102230246246014e-15
0.8,0.3,128,26.0,7.797547063561359,0.0008717688095969,1.0024373097787118,0.0001262512702599,1.7944641308389852e-05,0.0002395204615963,2.488425804615052e-05,-4.4408920984984055e-16,-1.1102230246246014e-15
0.8,0.3,128,26.1,7.8275376291904415,0.0008983096224885,1.002511597536906,0.0001304676921068,1.8475711090713207e-05,0.000247983301324,2.6221311767755e-05,-4.4408920984984055e-16,-1.1102230246246014e-15
0.8,0.3,128,26.2,7.8575281948195235,0.0009256584630759,1.0025881521913549,0.000134828854791,1.903305409163333e-05,0.0002567398938399,2.761794856291952e-05,-4.4408920984984055e-16,-1.1102230246246014e-15
0.8,0.3,128,26.3,7.887518760448605,0.0009538399313883,1.002667043080312,0.0001393397852349,1.961821342687058e-05,0.0002658002919721,2.907656581538363e-05,-4.4408920984984055e-16,-1.1102230246246014e-15
0.8,0.3,128,26.4,7.917509326077688,0.0009828793763771,1.002748341673034,0.0001440056845117,2.023279646408867e-05,0.0002751748889179,3.059965060575761e-05,-4.4408920984984055e-16,-1.1102230246246014e-15
0.8,0.3,128,26.5,7.947499891706769,0.0010128029187149,1.0028321216358984,0.0001488319338208,2.0878475345010013e-05,0.0002848744296937,3.218978286447959e-05,-4.4408920984984055e-16,-1.3322676295495217e-15
0.8,0.3,128,26.6,7.977490457335852,0.001043637474288,1.0029184589006124,0.0001538241006644,2.1556987513385638e-05,0.0002949100229651,3.384963863074827e-05,-4.4408920984984055e-16,-1.3322676295495217e-15
0.8,0.3,128,26.7,8.007481022964933,0.0010754107784047,1.0030074317345792,0.0001589879452357,2.227013627569869e-05,0.0003052931532791,3.5581993421464845e-05,-4.4408920984984055e-16,-1.1102230246246014e-15
0.8,0.3,128,26.8,8.037471588594016,0.0011081514107391,1.003099120813497,0.0001643294270219,2.301979142113082e-05,0.0003160356937042,3.738972571451479e-05,-4.4408920984984055e-16,-1.3322676295495217e-15
0.8,0.3,128,26.9,8.067462154223099,0.0011418888210354,1.0031936092962594,0.0001698547116332,2.380788992820869e-05,0.0003271499188975,3.9275820548163405e-05,-4.4408920984984055e-16,-1.3322676295495217e-15
0.8,0.3,128,27.0,8.09745271985218,0.001176653355594,1.003290982902227,0.0001755701778631,2.4636436783969605e-05,0.0003386485186104,4.1243373243314536e-05,-4.4408920984984055e-16,-1.3322676295495217e-15
0.8,0.3,128,27.1,8.127443285481263,0.001212476284563,1.0033913299909696,0.0001814824249876,2.5507505939540383e-05,0.000350544611649,4.329559325019918e-05,-4.4408920984984055e-16,-1.3322676295495217e-15
0.8,0.3,128,27.2,8.157433851110344,0.0012493898300615,1.0034947416445352,0.0001875982803129,2.6423241425602357e-05,0.0003628517603045,4.5435808125515177e-05,-4.4408920984984055e-16,-1.3322676295495217e-15
0.8,0.3,128,27.3,8.187424416739427,0.0012874271951577,1.003601311752346,0.000193924806979,2.738585864645829e-05,0.0003755839852696,4.7667467643444953e-05,-4.4408920984984055e-16,-1.3322676295495217e-15
0.8,0.3,128,27.4,8.21741498236851,0.0013266225937296,1.0037111370988032,0.0002004693120279,2.839764587010057e-05,0.0003887557810582,4.9994148044692224e-05,-4.4408920984984055e-16,-1.3322676295495217e-15
0.8,0.3,128,27.5,8.247405547997591,0.0013670112812336,1.003824317453695,0.0002072393547457,2.946096592860468e-05,0.0004023821319425,5.24195564296986e-05,-6.661338147747608e-16,-1.3322676295495217e-15
0.8,0.3,128,27.6,8.277396113626674,0.0014086295864106,1.003940955665492,0.0002142427552876,3.057825813868141e-05,0.000416478528431,5.4947535300048206e-05,-4.4408920984984055e-16,-1.3322676295495217e-15
0.8,0.3,128,27.7,8.307386679255755,0.0014515149439553,1.0040611577576355,0.0002214876035945,3.175204045053208e-05,0.0004310609842982,5.758206725082492e-05,-4.4408920984984055e-16,-1.3322676295495217e-15
0.8,0.3,128,27.8,8.337377244884838,0.001495705928181,1.0041850330279247,0.000228982268614,3.2984911830276664e-05,0.000446146054193,6.032727982341149e-05,-4.4408920984984055e-16,-1.3322676295495217e-15
0.8,0.3,128,27.9,8.36736781051392,0.0015412422877078,1.0043126941510785,0.0002367354078318,3.427955487679966e-05,0.0004617508518389,6.318745052156282e-05,-6.661338147747608e-16,-1.3322676295495217e-15
0.8,0.3,128,28.0,8.397358376143002,0.0015881649812067,1.0044442572846264,0.0002447559771275,3.563873867326128e-05,0.0004778930688509,6.616701199252755e-05,-6.661338147747608e-16,-1.3322676295495217e-15
0.8,0.3,128,28.1,8.427348941772085,0.001636516214231,1.0045798421781915,0.0002530532409648,3.70653218717263e-05,0.000494590994188,6.92705573890221e-05,-6.661338147747608e-16,-1.3322676295495217e-15
0.8,0.3,128,28.2,8.457339507401166,0.0016863394771683,1.0047195722863158,0.0002616367829254,3.856225600486396e-05,0.0005118635342619,7.250284590461459e-05,-6.661338147747608e-16,-1.3322676295495217e-15
0.8,0.3,128,28.3,8.487330073030249,0.0017376795843471,1.0048635748849326,0.0002705165166028,4.013258902148639e-05,0.0005297302337309,7.586880849861974e-05,-4.4408920984984055e-16,-1.3322676295495217e-15
0.8,0.3,128,28.4,8.517320638659331,0.0017905827143327,1.0050119811916138,0.0002797026968623,4.177946903837327e-05,0.0005482112969913,7.937355381220413e-05,-4.4408920984984055e-16,-1.3322676295495217e-15
0.8,0.3,128,28.5,8.547311204288413,0.0018450964514501,1.0051649264897238,0.000289205931485,4.3506148302699385e-05,0.0005673276104045,8.302237428248122e-05,-4.4408920984984055e-16,-1.3322676295495217e-15
0.8,0.3,128,28.6,8.577301769917495,0.0019012698285677,1.005322550256609,0.0002990371932055,4.5315987356851215e-05,0.0005871007652724,8.682075246041133e-05,-4.4408920984984055e-16,-1.3322676295495217e-15
0.8,0.3,128,28.7,8.607292335546576,0.0019591533711849,1.005484996295967,0.0003092078321574,4.721245940062196e-05,0.0006075530815942,9.077436753976418e-05,-6.661338147747608e-16,-1.3322676295495217e-15
0.8,0.3,128,28.8,8.63728290117566,0.0020187991428587,1.0056524128745397,0.0003197295887417,4.919915484306446e-05,0.0006287076326325,9.488910210518156e-05,-6.661338147747608e-16,-1.3322676295495217e-15
0.8,0.3,128,28.9,8.667273466804742,0.0020802607920125,1.00582495286327,0.0003306146069306,5.127978603800065e-05,0.0006505882703105,9.917104910187002e-05,-8.881784196996811e-16,-1.3322676295495217e-15
0.8,0.3,128,29.0,8.697264032433823,0.0021435936001685,1.0060027738831003,0.0003418754480224,5.345819219865231e-05,0.0006732196514759,0.000103626519038,-8.881784196996811e-16,-1.3322676295495217e-15
0.8,0.3,128,29.1,8.727254598062906,0.0022088545316465,1.0061860384555483,0.0003535251048634,5.57383444865902e-05,0.0006966272650579,0.0001082620474261,-8.881784196996811e-16,-1.3322676295495217e-15
0.8,0.3,128,29.2,8.757245163691987,0.0022761022847743,1.0063749141582472,0.0003655770165515,5.812435127075222e-05,0.0007208374601505,0.0001130844024677,-8.881784196996811e-16,-1.3322676295495217e-15
0.8,0.3,128,29.3,8.78723572932107,0.002345397344654,1.006569573785608,0.0003780450836386,6.062046355469529e-05,0.000745877475053,0.0001181005929924,-8.881784196996811e-16,-1.3322676295495217e-15
0.8,0.3,128,29.4,8.817226294950153,0.002416802037534,1.0067701955148076,0.0003909436838491,6.323108056915361e-05,0.0007717754673024,0.0001233178766576,-8.881784196996811e-16,-1.554312234474442e-15
0.8,0.3,128,29.5,8.847216860579234,0.0024903805868327,1.0069769630772691,0.0004042876883315,6.59607555291442e-05,0.0007985605447326,0.0001287437684137,-8.881784196996811e-16,-1.554312234474442e-15
0.8,0.3,128,29.6,8.877207426208317,0.0025661991708652,1.007190065935839,0.0004180924784608,6.881420155543052e-05,0.0008262627975952,0.0001343860492467,-8.881784196996811e-16,-1.554312234474442e-15
0.8,0.3,128,29.7,8.907197991837398,0.0026443259823249,1.0074096994678654,0.0004323739632128,7.179629776036297e-05,0.0008549133317815,0.0001402527752027,-8.881784196996811e-16,-1.554312234474442e-15
0.8,0.3,128,29.8,8.93718855746648,0.0027248312895723,1.007636065154392,0.0004471485971266,7.491209549966862e-05,0.000884544303183,0.0001463522867052,-8.881784196996811e-16,-1.554312234474442e-15
0.8,0.3,128,29.9,8.967179123095564,0.0028077874997863,1.0078693707756718,0.0004624333988785,7.81668247911368e-05,0.0009151889532317,0.0001526932181674,-8.881784196996811e-16,-1.554312234474442e-15
0.8,0.3,128,30.0,8.997169688724645,0.0028932692240341,1.0081098306132543,0.0004782459704864,8.15659009035526e-05,0.0009468816456618,0.0001592845079168,-8.881784196996811e-16,-1.554312234474442e-15
0.8,0.3,128,30.1,9.027160254353728,0.0029813533443179,1.0083576656588602,0.0004946045171669,8.51149311167938e-05,0.0009796579045367,0.0001661354084291,-8.881784196996811e-16,-1.7763568393993622e-15
0.8,0.3,128,30.2,9.057150819982809,0.003072119082658,1.008613103830308,0.0005115278678672,8.881972165849138e-05,0.0010135544535839,0.0001732554968889,-8.881784196996811e-16,-1.7763568393993622e-15
0.8,0.3,128,30.3,9.087141385611892,0.0031656480722737,1.008876380194741,0.0005290354964967,9.268628481871131e-05,0.0010486092568936,0.0001806546860805,-1.1102230246246014e-15,-1.7763568393993622e-15
0.8,0.3,128,30.4,9.117131951240976,0.0032620244309263,1.0091477371994266,0.0005471475438797,9.67208462472171e-05,0.0010848615610135,0.0001883432356168,-1.1102230246246014e-15,-1.7763568393993622e-15
0.8,0.3,128,30.5,9.147122516870056,0.0033613348364882,1.0094274249104125,0.0005658848404565,0.0001009298524372,0.0011223519385097,0.000196331763517,-1.1102230246246014e-15,-1.7763568393993622e-15
0.8,0.3,128,30.6,9.177113082499138,0.0034636686048056,1.009715701259312,0.0005852689297571,0.0001053199783994,0.0011611223330302,0.0002046312581398,-1.1102230246246014e-15,-1.7763568393993622e-15
0.8,0.3,128,30.7,9.20710364812822,0.0035691177699257,1.010012832298555,0.0006053220926762,0.0001098981355301,0.0012012161059359,0.0002132530904794,-1.1102230246246014e-15,-1.7763568393993622e-15
0.8,0.3,128,30.8,9.237094213757302,0.0036777771667565,1.0103190924653842,0.0006260673725752,0.000114671479679,0.0012426780845512,0.0002222090268354,-1.1102230246246014e-15,-1.7763568393993622e-15
0.8,0.3,128,30.9,9.267084779386384,0.0037897445162354,1.0106347648549523,0.0006475286012417,0.0001196474194182,0.0012855546120937,0.0002315112418602,-1.3322676295495217e-15,-1.7763568393993622e-15
0.8,0.3,128,31.0,9.297075345015466,0.0039051205130808,1.010960141502855,0.0006697304257351,0.0001248336245197,0.0013298935993475,0.0002411723319975,-1.1102230246246014e-15,-1.7763568393993622e-15
0.8,0.3,128,31.1,9.32706591064455,0.0040240089162041,1.0112955236774543,0.0006926983361509,0.0001302380346426,0.0013757445781382,0.0002512053293153,-1.3322676295495217e-15,-1.7763568393993622e-15
0.8,0.3,128,31.2,9.35705647627363,0.0041465166418636,1.0116412221823745,0.000716458694334,0.0001358688682355,0.0014231587566838,0.000261623715744,-1.3322676295495217e-15,-1.7763568393993622e-15
0.8,0.3,128,31.3,9.387047041902711,0.004272753859641,1.0119975576695557,0.0007410387635763,0.000141734631658,0.0014721890768821,0.0002724414377259,-1.3322676295495217e-15,-1.7763568393993622e-15
0.8,0.3,128,31.4,9.417037607531796,0.0044028340913257,1.012364860963269,0.0007664667393308,0.000147844128523,0.0015228902736133,0.0002836729212847,-1.3322676295495217e-15,-1.9984014443242827e-15
0.8,0.3,128,31.5,9.447028173160875,0.0045368743127951,1.012743473395531,0.0007927717809822,0.000154206469266,0.0015753189361302,0.0002953330875247,-1.3322676295495217e-15,-1.9984014443242827e-15
0.8,0.3,128,31.6,9.47701873878996,0.0046749950589794,1.0131337471533504,0.0008199840447058,0.0001608310809419,0.0016295335716126,0.0003074373685615,-1.7763568393993622e-15,-2.2204460492492028e-15
0.8,0.3,128,31.7,9.50700930441904,0.004817320532004,1.0135360456382698,0.0008481347174594,0.0001677277172539,0.0016855946709701,0.0003200017238983,-1.7763568393993622e-15,-1.9984014443242827e-15
0.8,0.3,128,31.8,9.536999870048124,0.0049639787126042,1.0139507438386972,0.0008772560521432,0.0001749064688156,0.0017435647769732,0.000333042657249,-1.7763568393993622e-15,-1.9984014443242827e-15
0.8,0.3,128,31.9,9.566990435677209,0.0051151014749098,1.01437822871553,0.0009073814039745,0.0001823777736511,0.0018035085548089,0.0003465772338226,-1.7763568393993622e-15,-2.2204460492492028e-15
0.8,0.3,128,32.0,9.596981001306288,0.0052708247047008,1.0148188996015954,0.0009385452681157,0.0001901524279308,0.0018654928651398,0.0003606230980624,-2.2204460492492028e-15,-2.2204460492492028e-15
0.8,0.3,128,32.1,9.62697156693537,0.0054312884212368,1.0152731686154697,0.0009707833186068,0.0001982415969495,0.0019295868397791,0.0003751984918654,-2.2204460492492028e-15,-2.2204460492492028e-15
0.8,0.3,128,32.2,9.656962132564454,0.0055966369027669,1.0157414610902524,0.0010041324486429,0.0002066568263433,0.0019958619600645,0.0003903222732699,-2.2204460492492028e-15,-2.2204460492492028e-15
0.8,0.3,128,32.3,9.686952698193531,0.0057670188158296,1.016224216017898,0.0010386308122509,0.000215410053549,0.0020643921380463,0.0004060139356261,-2.2204460492492028e-15,-2.4424906541741232e-15
0.8,0.3,128,32.4,9.716943263822616,0.0059425873484545,1.0167218865097525,0.001074317867415,0.0002245136195052,0.0021352538005942,0.0004222936272567,-2.2204460492492028e-15,-2.2204460492492028e-15
0.8,0.3,128,32.5,9.7469338294517,0.0061235003473818,1.017234940273944,0.0011112344207024,0.0002339802805947,0.0022085259765366,0.0004391821716085,-2.6645352590990437e-15,-2.4424906541741232e-15
0.8,0.3,128,32.6,9.776924395080782,0.0063099204594191,1.0177638601103371,0.001149422673447,0.0002438232208274,0.0022842903869503,0.0004567010878981,-2.6645352590990437e-15,-2.6645352590990437e-15
0.8,0.3,128,32.7,9.806914960709864,0.0065020152770556,1.0183091444237742,0.0011889262695472,0.0002540560642625,0.0023626315387243,0.0004748726122633,-2.6645352590990437e-15,-2.6645352590990437e-15
0.8,0.3,128,32.8,9.836905526338944,0.0066999574884611,1.0188713077563658,0.001229790344938,0.0002646928876678,0.0024436368215265,0.000493719719415,-2.886579864023964e-15,-2.6645352590990437e-15
0.8,0.3,128,32.9,9.866896091968028,0.0069039250319978,1.0194508813396408,0.0012720615788018,0.0002757482334132,0.002527396608309,0.0005132661448003,-3.108624468948884e-15,-2.886579864023964e-15
0.8,0.3,128,33.0,9.89688665759711,0.0071141012553769,1.0200484136673944,0.0013157882465807,0.0002872371225948,0.0026140043594913,0.0005335364072708,-3.3306690738738043e-15,-3.108624468948884e-15
0.8,0.3,128,33.1,9.926877223226192,0.007330675079597,1.020664471090105,0.0013610202748603,0.0002991750683856,0.0027035567309692,0.0005545558322685,-3.5527136787987244e-15,-3.108624468948884e-15
0.8,0.3,128,33.2,9.956867788855275,0.0075538411678021,1.0212996384318662,0.0014078092981971,0.0003115780896079,0.0027961536861058,0.0005763505755179,-3.5527136787987244e-15,-3.108624468948884e-15
0.8,0.3,128,33.3,9.986858354484356,0.0077838000992042,1.021954519630785,0.0014562087179613,0.0003244627245192,0.0028918986118594,0.0005989476472341,-3.5527136787987244e-15,-3.3306690738738043e-15
0.8,0.3,128,33.4,10.016848920113436,0.0080207585482158,1.0226297384038847,0.0015062737632754,0.0003378460448073,0.0029908984392248,0.0006223749368389,-3.9968028886485646e-15,-3.3306690738738043e-15
0.8,0.3,128,33.5,10.04683948574252,0.0082649294689439,1.0233259389375706,0.0015580615541298,0.0003517456697831,0.0030932637681599,0.0006466612381859,-4.4408920984984055e-15,-3.5527136787987244e-15
0.8,0.3,128,33.6,10.076830051371603,0.0085165322852006,1.0240437866047951,0.0016116311667591,0.0003661797807648,0.0031991089971811,0.0006718362752911,-4.4408920984984055e-15,-3.774758283723645e-15
0.8,0.3,128,33.7,10.106820617000686,0.0087757930861862,1.0247839687101017,0.0016670437013706,0.0003811671356387,0.0033085524578278,0.00069793072856,-4.884981308348247e-15,-3.774758283723645e-15
0.8,0.3,128,33.8,10.136811182629764,0.0090429448280108,1.025547195263791,0.0017243623523169,0.0003967270835868,0.0034217165541907,0.0007249762615083,-5.107025913273167e-15,-3.9968028886485646e-15
0.8,0.3,128,33.9,10.166801748258848,0.009318227541217,1.026334199786527,0.001783652480812,0.0004128795799663,0.003538727907725,0.0007530055479662,-5.107025913273167e-15,-3.9968028886485646e-15
0.8,0.3,128,34.0,10.196792313887933,0.0096018885444773,1.027145740145757,0.0018449816902929,0.0004296452013244,0.0036597175075655,0.0007820522997547,-5.329070518198087e-15,-4.218847493573485e-15
0.8,0.3,128,34.1,10.226782879517014,0.0098941826646372,1.0279825994253935,0.0019084199045358,0.0004470451605311,0.0037848208665819,0.0008121512948206,-5.773159728047928e-15,-4.4408920984984055e-15
0.8,0.3,128,34.2,10.256773445146097,0.0101953724632857,1.0288455868302913,0.0019740394486397,0.0004651013220108,0.0039141781834202,0.0008433384058176,-6.217248937897768e-15,-4.4408920984984055e-15
0.8,0.3,128,34.300000000000004,10.286764010775178,0.0105057284700325,1.0297355386271312,0.0020419151329969,0.0004838362170477,0.0040479345107873,0.0008756506291107,-6.661338147747609e-15,-4.884981308348247e-15
0.8,0.3,128,34.4,10.31675457640426,0.01082552942268,1.030653319123396,0.002112124340377,0.0005032730591438,0.0041862399302523,0.0009091261141859,-6.883382752672529e-15,-4.884981308348247e-15
0.8,0.3,128,34.5,10.346745142033342,0.0111550625144804,1.031599821686249,0.002184747116255,0.0005234357593994,0.0043292497338508,0.0009438041934392,-7.327471962522371e-15,-5.329070518198087e-15
0.8,0.3,128,34.6,10.376735707662425,0.0114946236486706,1.0325759698031702,0.0022598662625247,0.0005443489418874,0.0044771246127898,0.0009797254123151,-7.549516567447289e-15,-5.551115123123007e-15
0.8,0.3,128,34.7,10.406726273291508,0.0118445177004856,1.0335827181863717,0.0023375674347428,0.0005660379589858,0.0046300308535754,0.001016931559762,-8.21565038222205e-15,-5.773159728047928e-15
0.8,0.3,128,34.800000000000004,10.436716838920589,0.0122050587868495,1.034621053923068,0.0024179392430602,0.0005885289066343,0.0047881405418904,0.001055465698971,-8.437694987146971e-15,-5.995204332972848e-15
0.8,0.3,128,34.9,10.46670740454967,0.0125765705439523,1.0356919976738397,0.0025010733570026,0.000611848639471,0.0049516317745776,0.0010953721983456,-9.103828801921732e-15,-6.217248937897768e-15
0.8,0.3,128,35.0,10.496697970178753,0.0129593864129199,1.0367966049214052,0.0025870646142759,0.0006360247858071,0.0051206888800976,0.0011366967626655,-9.769962616696491e-15,-6.217248937897768e-15
0.8,0.3,128,35.1,10.526688535807835,0.0133538499337916,1.0379359672723114,0.0026760111337765,0.0006610857623891,0.0052955026478505,0.0011794864643803,-1.0214051826546332e-14,-6.883382752672529e-15
0.8,0.3,128,35.2,10.556679101436918,0.0137603150480201,1.039111213814124,0.0027680144330038,0.0006870607888943,0.0054762705667741,0.0012237897749774,-1.1102230246246012e-14,-7.105427357597449e-15
0.8,0.3,128,35.300000000000004,10.586669667066,0.0141791464097133,1.0403235125309007,0.0028631795500776,0.0007139799021026,0.0056631970736545,0.0012696565963522,-1.1546319456095855e-14,-7.327471962522371e-15
0.8,0.3,128,35.4,10.61666023269508,0.0146107197058407,1.0415740717798805,0.0029616151705799,0.0007418739696777,0.0058564938116079,0.0013171382921049,-1.2212453270870616e-14,-7.771561172372211e-15
0.8,0.3,128,35.5,10.646650798324163,0.015055421985628,1.0428641418324642,0.0030634337594529,0.0007707747034897,0.0060563798992184,0.0013662877186751,-1.2878587085645376e-14,-7.99360577729713e-15
0.8,0.3,128,35.6,10.676641363953246,0.0155136519993678,1.0441950164827845,0.003168751698197,0.0008007146724008,0.0062630822108463,0.0014171592562224,-1.3766765505345058e-14,-8.437694987146971e-15
0.8,0.3,128,35.7,10.70663192958233,0.0159858205468739,1.04556803472733,0.0032776894276339,0.0008317273144321,0.0064768356686506,0.0014698088391407,-1.4654943925044743e-14,-8.881784196996811e-15
0.8,0.3,128,35.800000000000004,10.73662249521141,0.0164723508358114,1.0469845825193005,0.0033903715965085,0.0008638469482197,0.0066978835468991,0.001524293986092,-1.5543122344744423e-14,-9.325873406846651e-15
0.8,0.3,128,35.9,10.766613060840491,0.0169736788501316,1.0484460946016003,0.0035069272162323,0.0008971087836635,0.0069264777891805,0.0015806738294269,-1.64313007644441e-14,-9.769962616696491e-15
0.8,0.3,128,36.0,10.796603626469574,0.0174902537288459,1.0499540564226015,0.0036274898220787,0.0009315489316592,0.0071628793391581,0.0016390091438445,-1.731947918414378e-14,-1.0436096431471252e-14
0.8,0.3,128,36.1,10.826594192098655,0.0180225381553681,1.0515100061390652,0.0037521976411732,0.000967204412801,0.0074073584855565,0.0016993623741346,-1.8207657603843464e-14,-1.0880185641321094e-14
0.8,0.3,128,36.2,10.85658475772774,0.018571008757658,1.053115536710886,0.0038811937676357,0.0010041131649271,0.0076601952221054,0.0017617976618231,-1.9539925233392983e-14,-1.1546319456095855e-14
0.8,0.3,128,36.3,10.88657532335682,0.0191361565193944,1.0547722980925978,0.0040146263452645,0.0010423140493741,0.0079216796232157,0.0018263808705256,-2.0428103653092663e-14,-1.2212453270870616e-14
0.8,0.3,128,36.4,10.916565888985902,0.0197184872024039,1.0564819995269,0.0041526487581723,0.0010818468557941,0.0081921122362074,0.0018931796097968,-2.1760371282642188e-14,-1.2878587085645376e-14
0.8,0.3,128,36.5,10.946556454614983,0.0203185217805707,1.0582464119457902,0.0042954198298209,0.0011227523053756,0.0084718044909656,0.0019622632572398,-2.3092638912191713e-14,-1.3322676295495216e-14
0.8,0.3,128,36.6,10.976547020244068,0.0209367968854446,1.060067370485244,0.0044431040309269,0.0011650720522996,0.0087610791279503,0.0020337029786156,-2.4424906541741232e-14,-1.4210854715194898e-14
0.8,0.3,128,36.7,11.00653758587315,0.0215738652637607,1.0619467771197515,0.0045958716967508,0.0012088486832461,0.0090602706455558,0.0021075717456725,-2.5979218776215672e-14,-1.4876988529969657e-14
0.8,0.3,128,36.8,11.036528151502232,0.0222302962470778,1.0638866034234442,0.0047538992543179,0.001254125714755,0.0093697257678687,0.0021839443513854,-2.7533531010690115e-14,-1.5543122344744423e-14
0.8,0.3,128,36.9,11.066518717131313,0.0229066762337314,1.0658888934649684,0.0049173694601611,0.0013009475882286,0.0096898039339563,0.0022628974222651,-2.9087843245164555e-14,-1.64313007644441e-14
0.8,0.3,128,37.0,11.096509282760396,0.0236036091832907,1.0679557668437314,0.0050864716492214,0.001349359662349,0.0100208778098806,0.0023445094273704,-3.1086244689488846e-14,-1.731947918414378e-14
0.8,0.3,128,37.1,11.12649984838948,0.0243217171236916,1.0700894218756576,0.0052614019955909,0.0013994082026656,0.0103633338247258,0.0024288606836169,-3.3084646133813124e-14,-1.8207657603843464e-14
0.8,0.3,128,37.2,11.15649041401856,0.0250616406712095,1.0722921389371056,0.0054423637858379,0.0014511403680897,0.0107175727320057,0.0025160333569443,-3.50830475781374e-14,-1.9095836023543144e-14
0.8,0.3,128,37.3,11.186480979647644,0.0258240395634144,1.0745662839762198,0.0056295677057119,0.0015046041940188,0.0110840101979189,0.0026061114588597,-3.7081449022461693e-14,-2.0206059048167742e-14
0.8,0.3,128,37.4,11.216471545276724,0.0266095932052337,1.076914312201572,0.0058232321410911,0.0015598485717864,0.0114630774180229,0.0026991808378391,-3.9301895071710896e-14,-2.1316282072792343e-14
0.8,0.3,128,37.5,11.246462110905806,0.027419001228226,1.0793387719586394,0.0060235834941047,0.0016169232241204,0.0118552217640032,0.0027953291650104,-4.1744385725885016e-14,-2.2648549702341872e-14
0.8,0.3,128,37.6,11.27645267653489,0.0282529840631442,1.0818423088053903,0.0062308565154409,0.0016758786762644,0.0122609074623428,0.0028946459135062,-4.4186876380059136e-14,-2.3758772726966473e-14
0.8,0.3,128,37.7,11.306443242163972,0.0291122835258374,1.084427669799015,0.0064452946539347,0.0017367662223977,0.0126806163068212,0.0029972223308077,-4.7073456244083104e-14,-2.5313084961440916e-14
0.8,0.3,128,37.8,11.336433807793052,0.0299976634165077,1.08709770800669,0.0066671504246222,0.0017996378869641,0.0131148484069179,0.0031031514033522,-4.973799150318214e-14,-2.6645352590990435e-14
0.8,0.3,128,37.9,11.366424373422134,0.0309099101323034,1.089855387254161,0.0068966857965487,0.0018645463804941,0.0135641229743491,0.0032125278126038,-5.2846615972131034e-14,-2.7977620220539957e-14
0.8,0.3,128,38.0,11.396414939051215,0.0318498332931876,1.0927037871269067,0.0071341726017317,0.0019315450494793,0.0140289791501303,0.00332544788173,-5.5955240441079913e-14,-2.9531932455014396e-14
0.8,0.3,128,38.1,11.4264055046803,0.0328182663809729,1.0956461082397086,0.0073798929667978,0.0020006878198302,0.0145099768747415,0.0034420095119404,-5.950795411987864e-14,-3.1086244689488846e-14
0.8,0.3,128,38.2,11.45639607030938,0.0338160673913642,1.0986856777915752,0.0076341397689489,0.0020720291334185,0.0150076978041708,0.0035623121074783,-6.306066779867736e-14,-3.3084646133813124e-14
0.8,0.3,128,38.3,11.486386635938464,0.0348441194987885,1.10182595542422,0.0078972171180592,0.0021456238771792,0.0155227462748208,0.0036864564881535,-6.705747068732593e-14,-3.463895836828756e-14
0.8,0.3,128,38.4,11.516377201567543,0.035903331733729,1.1050705394036058,0.0081694408668655,0.0022215273042113,0.0160557503205028,0.0038145447882269,-7.10542735759745e-14,-3.685940441753676e-14
0.8,0.3,128,38.5,11.546367767196628,0.0369946396722033,1.1084231731455343,0.0084511391513897,0.0022997949462903,0.0166073627449928,0.0039466803403475,-7.549516567447289e-14,-3.8635761256936136e-14
0.8,0.3,128,38.6,11.576358332825713,0.0381190061369464,1.111887752107794,0.0087426529639303,0.0023804825171696,0.0171782622539041,0.004082967543137,-8.038014698282116e-14,-4.1078251911110256e-14
0.8,0.3,128,38.7,11.606348898454792,0.0392774219097653,1.115468331073105,0.0090443367611676,0.0024636458060159,0.0177691546499302,0.0042235117108977,-8.52651282911694e-14,-4.3520742565284376e-14
0.8,0.3,128,38.8,11.636339464083877,0.0404709064544312,1.1191691318489136,0.009356559110171,0.0025493405602934,0.0183807740958454,0.004368418903801,-9.059419880936749e-14,-4.5963233219458497e-14
0.8,0.3,128,38.9,11.666330029712956,0.0417005086493608,1.1229945514120991,0.009679703375349,0.0026376223573748,0.0190138844500051,0.0045177957367639,-9.614531393249049e-14,-4.840572387363262e-14
0.8,0.3,128,39.0,11.69632059534204,0.0429673075292113,1.1269491705288237,0.0100141684496712,0.0027285464641267,0.0196692806794875,0.0046717491650873,-1.0214051826546333e-13,-5.15143483425815e-14
0.8,0.3,128,39.1,11.726311160971122,0.0442724130343745,1.1310377628821064,0.0103603695338057,0.0028221676836882,0.0203477903564406,0.0048303862447637,-1.0880185641321095e-13,-5.440092820660548e-14
0.8,0.3,128,39.2,11.756301726600205,0.0456169667671967,1.1352653047422847,0.0107187389671611,0.0029185401886258,0.0210502752436722,0.0049938138651927,-1.1546319456095857e-13,-5.728750807062944e-14
0.8,0.3,128,39.3,11.786292292229286,0.0470021427535796,1.1396369852182917,0.0110897271152022,0.0030177173396265,0.0217776329760345,0.0051621384518595,-1.22568621918556e-13,-6.084022174942816e-14
0.8,0.3,128,39.4,11.816282857858369,0.0484291482084234,1.144158217130762,0.0114738033178313,0.003119751488864,0.0225307988447108,0.0053354656363332,-1.301181384860033e-13,-6.439293542822688e-14
0.8,0.3,128,39.5,11.84627342348745,0.0498992243031601,1.1488346485512733,0.0118714569040872,0.0032246937671524,0.023310747692134,0.0055138998907312,-1.3833378886822536e-13,-6.816769371195052e-14
0.8,0.3,128,39.6,11.876263989116532,0.0514136469333871,1.1536721750556578,0.0122831982789265,0.0033325938539911,0.024118495925934,0.0056975441235599,-1.4721557306522217e-13,-7.21644966005991e-14
0.8,0.3,128,39.7,11.906254554745614,0.0529737274843488,1.1586769527432934,0.0127095600884146,0.0034434997295969,0.0249551036610494,0.0058864992336087,-1.5631940186714389e-13,-7.638334409417259e-14
0.8,0.3,128,39.8,11.936245120374696,0.0545808135917237,1.1638554120786018,0.0131510984702723,0.0035574574080202,0.0258216769999488,0.0060808636182944,-1.6608936448384037e-13,-8.082423619267098e-14
0.8,0.3,128,39.9,11.966235686003778,0.0562362898948469,1.1692142726157346,0.0136083943974116,0.0036745106504609,0.026719370461792,0.0062807326325891,-1.7652546091531161e-13,-8.570921750101922e-14
0.8,0.3,128,40.0,11.99622625163286,0.0579415787791462,1.174760558672599,0.0140820551228477,0.0037947006579279,0.0276493895723308,0.0064861979943441,-1.8762769116155765e-13,-9.059419880936749e-14
0.8,0.3,128,40.1,12.026216817261943,0.0596981411041673,1.1805016160261013,0.0145727157352057,0.0039180657424304,0.0286129936274132,0.0066973471315113,-1.993960552225784e-13,-9.614531393249049e-14
0.8,0.3,128,40.2,12.056207382891024,0.0615074769131269,1.1864451297066885,0.0150810408349632,0.0040446409759645,0.0296114986441298,0.0069142624664131,-2.1205259770329885e-13,-1.0169642905561349e-13
0.8,0.3,128,40.3,12.086197948520107,0.0633711261194452,1.1925991429771807,0.0156077263425807,0.004174457816649,0.030646280514916,0.0071370206318414,-2.25597318603719e-13,-1.0769163338858635e-13
0.8,0.3,128,40.4,12.116188514149188,0.0652906691651655,1.1989720775883823,0.0161535014507913,0.004307543711498,0.0317187783813371,0.0073656916133771,-2.398081733189139e-13,-1.1413092693140904e-13
0.8,0.3,128,40.5,12.146179079778271,0.0672677276455755,1.2055727554123044,0.0167191307345547,0.0044439216754821,0.032830498245824,0.0076003378119003,-2.551292510587334e-13,-1.2079226507915662e-13
0.8,0.3,128,40.6,12.176169645407354,0.0693039648936745,1.2124104215629423,0.0173054164335429,0.0045836098467482,0.033983016841332,0.0078410130198186,-2.713385072182526e-13,-1.28119737041679e-13
0.8,0.3,128,40.7,12.206160211036435,0.0714010865173981,1.2194947691246791,0.0179132009235264,0.0047266210181399,0.0351779857807485,0.008087761304071,-2.886579864023964e-13,-1.358912982140512e-13
0.8,0.3,128,40.8,12.236150776665518,0.0735608408816957,1.2268359656194767,0.0185433693946856,0.0048729621455003,0.0364171360099387,0.00834061578847,-3.0730973321608965e-13,-1.4388490399134834e-13
0.8,0.3,128,40.9,12.2661413422946,0.0757850195266448,1.2344446813563643,0.0191968527567017,0.005022633833665,0.0377022825905525,0.0085995973274127,-3.270717030544076e-13,-1.5254464358342022e-13
0.8,0.3,128,41.0,12.296131907923682,0.0780754575117862,1.24233211982033,0.0198746307924951,0.0051756298015715,0.0390353298411974,0.0088647130624458,-3.48165940522275e-13,-1.6187051699026692e-13
0.8,0.3,128,41.1,12.326122473552765,0.0804340336757413,1.2505100502727948,0.0205777355847023,0.0053319363285529,0.040418276868302,0.0091359548525928,-3.708144902246169e-13,-1.7164047960696337e-13
0.8,0.3,128,41.2,12.356113039181846,0.0828626707989357,1.2589908427526084,0.0213072552414366,0.0054915316846634,0.0418532235209711,0.0094132975687343,-3.9479530755650826e-13,-1.816324868285848e-13
0.8,0.3,128,41.3,12.386103604810929,0.0853633356558696,1.267787505685028,0.022064337950574,0.0056543855488276,0.0433423768074255,0.0096966972417142,-4.207745263327239e-13,-1.927347170748308e-13
0.8,0.3,128,41.4,12.41609417044001,0.0879380389418457,1.276913726326807,0.0228501963947927,0.005820458419757,0.0448880578142267,0.0099860890531821,-4.480860127384891e-13,-2.0450308113585162e-13
0.8,0.3,128,41.5,12.446084736069093,0.0905888350573539,1.2863839142984863,0.0236661125628706,0.0059897010259604,0.0464927091734499,0.0102813851575061,-4.773959005885786e-13,-2.1693757901164714e-13
0.8,0.3,128,41.6,12.476075301698176,0.093317821731414,1.296213248480559,0.0245134429963699,0.0061620537428443,0.0481589031273418,0.0105824723223995,-5.089262344879173e-13,-2.298161660972925e-13
0.8,0.3,128,41.7,12.506065867327257,0.0961271394630601,1.3064177275787472,0.0253936245148208,0.0063374460269114,0.0498893502447942,0.0108892093751915,-5.426770144365052e-13,-2.4380497620756245e-13
0.8,0.3,128,41.8,12.53605643295634,0.0990189707577879,1.317014224695519,0.0263081804669129,0.0065157958794721,0.051686908849245,0.0112014244409606,-5.784261958294175e-13,-2.5868196473753213e-13
0.8,0.3,128,41.9,12.56604699858542,0.1019955391331555,1.3280205462806578,0.0272587275600404,0.0066970093551796,0.0535545952234383,0.0115189119580243,-6.170619570863534e-13,-2.744471316872015e-13
0.8,0.3,128,42.0,12.596037564214503,0.1050591078647832,1.3394554958736893,0.0282469833258815,0.0068809801341606,0.0554955946628688,0.0118414294555787,-6.581402089974637e-13,-2.913225216614954e-13
0.8,0.3,128,42.1,12.626028129843586,0.1082119784407162,1.3513389430957834,0.0292747742855629,0.0070675891806519,0.0575132734567806,0.0121686940775755,-7.022160630750603e-13,-3.088640454505641e-13
0.8,0.3,128,42.2,12.656018695472667,0.1114564886884353,1.3636918983991668,0.0303440448844348,0.0072567045160068,0.0596111918833722,0.0125003788362844,-7.492895193191434e-13,-3.277378368691824e-13
0.8,0.3,128,42.3,12.68600926110175,0.1147950105346875,1.3765365941387322,0.0314568672736102,0.007448181139837,0.0617931183144094,0.0128361085783624,-7.998046669395628e-13,-3.48165940522275e-13
0.8,0.3,128,42.4,12.715999826730831,0.1182299473536966,1.3898965725944106,0.0326154520232789,0.0076418611400979,0.0640630445339112,0.0131754556457347,-8.542055951461683e-13,-3.694822225950674e-13
0.8,0.3,128,42.5,12.745990392359914,0.1217637308541426,1.403796781644972,0.0338221598614728,0.0078375740413157,0.0664252023860171,0.0135179352131499,-9.123812816364974e-13,-3.921307722974092e-13
0.8,0.3,128,42.6,12.775980957988995,0.1253988174494897,1.4182636788753678,0.0350795145415128,0.0080351374501243,0.068884081878689,0.013863000283981,-9.746647933179376e-13,-4.163336342342255e-13
0.8,0.3,128,42.7,12.805971523618078,0.1291376840497149,1.4333253449920031,0.0363902169519145,0.0082343580691347,0.0714444508827012,0.0142100363257364,-1.041611241702801e-12,-4.420908084055163e-13
0.8,0.3,128,42.8,12.83596208924716,0.1329828232051407,1.449011607524931,0.0377571605941813,0.0084350331642024,0.0741113765795581,0.0145583555268724,-1.1135536936984752e-12,-4.694022948112814e-13
0.8,0.3,128,42.9,12.865952654876242,0.136936737524793,1.465354175914849,0.0391834485667958,0.0086369525867774,0.0768902488277493,0.0149071906569438,-1.1906031716074225e-12,-4.98490138056446e-13
0.8,0.3,128,43.0,12.895943220505323,0.1410019332823685,1.4823867892180236,0.0406724122079828,0.0088399014726244,0.0797868056343231,0.0152556885129999,-1.2735368315468805e-12,-5.294653604434724e-13
0.8,0.3,128,43.1,12.925933786134406,0.1451809131123377,1.500145377816516,0.0422276315656364,0.0090436637612444,0.0828071609383619,0.0156029029365296,-1.3625767181217732e-12,-5.625500065772855e-13
0.8,0.3,128,43.2,12.955924351763487,0.1494761676867729,1.518668240697287,0.0438529578803702,0.0092480267072976,0.0859578349349063,0.0159477873873772,-1.4583889651468764e-12,-5.977440764578854e-13
0.8,0.3,128,43.3,12.985914917392572,0.1538901662499673,1.5379962400653495,0.0455525382872125,0.0094527865867049,0.0892457871925297,0.0162891870641073,-1.5611956172271144e-12,-6.35047570085272e-13
0.8,0.3,128,43.4,13.015905483021651,0.1584253458725693,1.558173015287445,0.0473308429632905,0.0096577558363415,0.0926784528455541,0.016625830564592,-1.6715517858747998e-12,-6.747935543668327e-13
0.8,0.3,128,43.5,13.045896048650736,0.1630840992695216,1.5792452184283488,0.0491926949732733,0.0098627719076722,0.0962637821733265,0.0169563210865388,-1.7903456495096322e-12,-7.172040739074926e-13
0.8,0.3,128,43.6,13.075886614279815,0.1678687610062649,1.6012627739479717,0.0511433030917477,0.0100677081614471,0.1000102839146731,0.0172791271758495,-1.917910275038999e-12,-7.622791287072513e-13
0.8,0.3,128,43.7,13.1058771799089,0.1727815918950523,1.6242791654804147,0.0531882979125689,0.0102724871824299,0.1039270727063547,0.0175925730418543,-2.0549117962776747e-12,-8.103517856734965e-13
0.8,0.3,128,43.8,13.135867745537984,0.1778247613574178,1.6483517530245697,0.0553337715901022,0.01047709694922,0.1080239210809915,0.017894828473721,-2.202127369342897e-12,-8.613110225037658e-13
0.8,0.3,128,43.9,13.165858311167064,0.1830003274993241,1.673542124349194,0.0575863215968413,0.0106816103527437,0.1123113165136093,0.0181838984131624,-2.3601121057469776e-12,-9.159339953152961e-13
0.8,0.3,128,44.0,13.195848876796148,0.1883102146117048,1.6999164849654185,0.0599530989269464,0.0108862086146947,0.1168005240680412,0.0184576122671737,-2.529310094699767e-12,-9.736655925957754e-13
0.8,0.3,128,44.1,13.225839442425228,0.1937561877703166,1.727546091660292,0.0624418612267798,0.0110912092087943,0.1215036552665708,0.0187136130839391,-2.7107205369234267e-12,-1.0351719481599784e-12
0.8,0.3,128,44.2,13.25583000805431,0.1993398241641988,1.7565077353330547,0.0650610313926897,0.0112970989250202,0.126433743890431,0.0189493467696952,-2.904787521627807e-12,-1.1007861289152922e-12
0.8,0.3,128,44.3,13.285820573683392,0.205062480730647,1.7868842797515954,0.0678197622445304,0.0115045727278232,0.1316048295175906,0.0191620516006524,-3.111844115720295e-12,-1.1706191571641796e-12
0.8,0.3,128,44.4,13.315811139312476,0.2109252576152857,1.8187652638745684,0.0707280079624022,0.0117145790266972,0.1370320497206887,0.0193487483914259,-3.332556453015666e-12,-1.244560010604178e-12
0.8,0.3,128,44.5,13.345801704941556,0.2169289569072144,1.8522475765947255,0.0737966030659236,0.0119283718781477,0.142731741985755,0.0195062318337506,-3.5671465781188444e-12,-1.3231638007475998e-12
0.8,0.3,128,44.6,13.375792270570638,0.2230740360196907,1.8874362141874168,0.0770373498224637,0.0121475704423574,0.148721556576073,0.0196310637373404,-3.815281424122442e-12,-1.40665257219937e-12
0.8,0.3,128,44.7,13.40578283619972,0.2293605549944593,1.9244451324393557,0.0804631150961773,0.0123742256898838,0.1550205817607894,0.0197195692200269,-4.076738946421536e-12,-1.4952483695644132e-12
0.8,0.3,128,44.8,13.435773401828804,0.2357881169003423,1.96339820744104,0.0840879377969689,0.0126108938545796,0.1616494830615764,0.0197678373548825,-4.350519944293963e-12,-1.589062215145192e-12
0.8,0.3,128,44.9,13.465763967457884,0.2423558003713088,2.0044303214186963,0.0879271482620061,0.01286071542292,0.1686306584512489,0.0197717284623112,-4.635070105505249e-12,-1.6883161535466314e-12
0.8,0.3,128,45.0,13.495754533086968,0.249062083182611,2.047688592841008,0.0919975011073091,0.0131274975167596,0.1759884117761693,0.0197268912518431,-4.9277248947962935e-12,-1.7930101847687314e-12
0.8,0.3,128,45.1,13.52574509871605,0.2559047555917312,2.0933337734650497,0.0963173233295271,0.0134157963799834,0.1837491470823178,0.0196287945572316,-5.224487509278449e-12,-1.903144308811492e-12
0.8,0.3,128,45.2,13.555735664345132,0.262880821968988,2.1415418391125525,0.1009066797258251,0.0137309953927167,0.1919415870188934,0.0194727807686541,-5.519806833828593e-12,-2.0190515925823e-12
0.8,0.3,128,45.3,13.585726229974217,0.2699863890048742,2.192505805951868,0.1057875580419444,0.0140793727696853,0.2005970190926734,0.0192541517365604,-5.805245173459578e-12,-2.140176924568844e-12
0.8,0.3,128,45.4,13.615716795603296,0.2772165385004541,2.246437810103695,0.1109840766659306,0.0144681521184565,0.2097495742752268,0.0189683037133153,-6.070033364832545e-12,-2.2661872378637358e-12
0.8,0.3,128,45.5,13.64570736123238,0.2845651824148142,2.303571495743065,0.1165227181710179,0.0149055287056579,0.2194365433532653,0.0186109371691473,-6.298295218695364e-12,-2.3969715101645146e-12
0.8,0.3,128,45.6,13.67569792686146,0.2920248974491428,2.3641647658572054,0.1224325925917302,0.0154006650194192,0.229698737497003,0.0181783823611677,-6.469380586790015e-12,-2.531308496144091e-12
0.8,0.3,128,45.7,13.705688492490545,0.299586735977631,2.428502960847346,0.1287457350118637,0.0159636513708269,0.2405809008485518,0.0176681062223969,-6.554312648173797e-12,-2.668087972777842e-12
0.8,0.3,128,45.8,13.735679058119626,0.3072400095753297,2.4969025437547208,0.1354974428752148,0.0166054309563305,0.252132184559817,0.0170795069210417,-6.5141225746823865e-12,-2.8057556278312925e-12
0.8,0.3,128,45.9,13.765669623748709,0.3149720407229712,2.5697153877186087,0.1427266594283927,0.0173376937105776,0.2644066937093902,0.0164151695583353,-6.296074772646115e-12,-2.941868970650269e-12
0.8,0.3,128,46.0,13.79566018937779,0.3227678774647779,2.6473337822047047,0.1504764109046805,0.0181727486337471,0.2774641209916003,0.0156828641528509,-5.829337013093932e-12,-3.073430399068284e-12
0.8,0.3,128,46.1,13.82565075500687,0.3306099648280206,2.7301963007020373,0.1587943065011488,0.019123388921815,0.2913704841130952,0.014898727150085,-5.017208870581036e-12,-3.1958879986843774e-12
0.8,0.3,128,46.2,13.855641320635954,0.3384777656462472,2.818794705446624,0.1677331119397554,0.0202027669563138,0.306198987598738,0.0140922568777187,-3.729683228923886e-12,-3.303801676677889e-12
0.8,0.3,128,46.3,13.885631886265037,0.3463473220167465,2.9136821062203366,0.1773514094997473,0.0214242962175125,0.3220310343845015,0.0133137953256643,-1.7896795156948577e-12,-3.3896219164813707e-12
0.8,0.3,128,46.4,13.915622451894118,0.3541907469113338,3.015482642941888,0.1877143599392381,0.0228015944357169,0.3389574183968022,0.0126444156966419,1.0431655539372757e-12,-3.443245688570739e-12
0.8,0.3,128,46.5,13.9456130175232,0.361975633379152,3.1249030289944795,0.1988945847796442,0.0243484776013404,0.3570797365879527,0.0122050192334502,5.0981441290761694e-12,-3.451461338952961e-12
0.8,0.3,128,46.6,13.975603583152282,0.3696643662458806,3.2427463785345005,0.2109731911161627,0.026079009202087,0.3765120680041521,0.0121545708125712,1.0825562668509564e-11,-3.3971714330488177e-12
0.8,0.3,128,46.7,14.005594148781364,0.3772133181209595,3.369928852454045,0.2240409655673486,0.0280076047171454,0.3973829789042089,0.0126628493380579,1.8846701976817385e-11,-3.257061287341193e-12
0.8,0.3,128,46.8,14.035584714410447,0.3845719077451837,3.5074998023991344,0.2381997693307048,0.030149189074943,0.4198379273640716,0.013860474080372,3.0023317165713246e-11,-3.000821813257835e-12
0.8,0.3,128,46.9,14.065575280039528,0.3916814940904229,3.656666281358576,0.253564172724082,0.0325194049823016,0.4440421590147486,0.0158046029248554,4.5556003414026194e-11,-2.5882629373073334e-12
0.8,0.3,128,47.0,14.095565845668611,0.3984740739768238,3.81882303793795,0.2702633752165854,0.0351348727396502,0.4701842086155096,0.0184917122611197,6.713340994221025e-11,-1.9660939543077066e-12
0.8,0.3,128,47.1,14.125556411297692,0.4048707440872192,3.995589440178794,0.288443465906074,0.0380135070731344,0.498480151381783,0.0218964216354916,9.714495874386248e-11,-1.064037746800218e-12
0.8,0.3,128,47.2,14.155546976926775,0.4107798798984553,4.188855212017055,0.3082700897074911,0.0411749033616188,0.5291787850085244,0.0260012016910255,1.3900325335207397e-10,2.131628207279235e-13
0.8,0.3,128,47.3,14.185537542555858,0.4160949739797208,4.400837450119648,0.329931595992086,0.0446408143864725,0.5625679701316612,0.0308082021584871,1.976281360781662e-10,1.9906298831519105e-12
0.8,0.3,128,47.4,14.21552810818494,0.4206920641436609,4.634152174256218,0.3536427584532576,0.0484357497437288,0.5989824158052621,0.0363406394661634,2.8018698472451065e-10,4.438449607844231e-12
0.8,0.3,128,47.5,14.245518673814022,0.4244266680482674,4.891904723272709,0.3796491661436006,0.0525877441424854,0.6388132697277411,0.0426407932585771,3.97238908433707e-10,7.786216116297254e-12
0.8,0.3,128,47.6,14.275509239443103,0.427130125377994,5.177804738906653,0.4082323929642575,0.0571293592637064,0.6825199621053747,0.0497677508335942,5.645370837467585e-10,1.2344791855405867e-11
0.8,0.3,128,47.7,14.305499805072186,0.4286052328171822,5.496313409143659,0.4397160505697378,0.0620990084673972,0.7306448567659803,0.0577957285287445,8.059037881476405e-10,1.8540280422020997e-11
0.8,0.3,128,47.8,14.335490370701269,0.428621043427713,5.852833230619769,0.4744728065860327,0.0675427267103289,0.7838313775980675,0.0668129139197476,1.1579051051307835e-09,2.6958657528539496e-11
0.8,0.3,128,47.9,14.36548093633035,0.4269066967659961,6.253953971927883,0.5129323854221898,0.0735165522500337,0.8428463843543362,0.0769204932174078,1.6775907329949426e-09,3.8412606428986585e-11
0.8,0.3,128,48.0,14.395471501959433,0.4231441615894507,6.707772915939121,0.5555904240500337,0.0800897446742378,0.9086076241174416,0.0882314114563254,2.4555675270919663e-09,5.4037885277553225e-11
