Z,tau,reference_mode_amplitude,reference_max_intensity,reference_power_rel
0.0,0.0,4.999999999836233e-07,1.000002000001,0.0
0.1,0.0299905656290821,5.004612102696646e-07,1.000002000900503,0.0
0.2,0.0599811312581643,5.018439524140961e-07,1.0000020035998234,0.0
0.3,0.0899716968872464,5.04145590470968e-07,1.0000020081013878,0.0
0.4,0.1199622625163286,5.073618307091374e-07,1.0000020144092467,0.0
0.5,0.1499528281454107,5.11486864935351e-07,1.000002022529073,0.0
0.6,0.1799433937744929,5.165135610242005e-07,1.000002032468171,-4.4408920984984055e-16
0.7000000000000001,0.209933959403575,5.224336905813301e-07,1.0000020442354816,-4.4408920984984055e-16
0.8,0.2399245250326572,5.292381838570586e-07,1.0000020578415882,-4.4408920984984055e-16
0.9,0.2699150906617393,5.369174003275144e-07,1.00000207329873,0.0
1.0,0.2999056562908215,5.454614046779339e-07,1.0000020906208114,-2.2204460492492028e-16
1.1,0.3298962219199037,5.548602384671444e-07,1.0000021098234133,0.0
1.2,0.3598867875489858,5.651041792769674e-07,1.0000021309238083,0.0
1.3,0.389877353178068,5.761839812541723e-07,1.0000021539409758,0.0
1.4,0.4198679188071501,5.880910921446808e-07,1.0000021788956217,0.0
1.5,0.4498584844362322,6.008178438744337e-07,1.0000022058101914,0.0
1.6,0.4798490500653144,6.143576159909625e-07,1.0000022347088957,0.0
1.7,0.5098396156943965,6.287049714315214e-07,1.000002265617728,0.0
1.8,0.5398301813234787,6.438557660877991e-07,1.000002298564492,0.0
1.9,0.5698207469525609,6.598072338066631e-07,1.0000023335788233,0.0
2.0,0.599811312581643,6.765580495999224e-07,1.0000023706922172,0.0
2.1,0.6298018782107252,6.941083732744246e-07,1.0000024099380578,0.0
2.2,0.6597924438398074,7.124598765303913e-07,1.0000024513516466,0.0
2.3000000000000003,0.6897830094688895,7.316157562987448e-07,1.000002494970236,0.0
2.4,0.7197735750979716,7.515807367225991e-07,1.000002540833061,0.0
2.5,0.7497641407270538,7.723610622843445e-07,1.0000025889813762,0.0
2.6,0.779754706356136,7.939644842969148e-07,1.00000263945849,0.0
2.7,0.8097452719852181,8.16400242482589e-07,1.0000026923098082,0.0
2.8000000000000003,0.8397358376143003,8.396790431974112e-07,1.00000274758287,0.0
2.9,0.8697264032433824,8.638130359518454e-07,1.0000028053273933,-2.2204460492492028e-16
3.0,0.8997169688724644,8.888157892483116e-07,1.0000028655953217,0.0
3.1,0.9297075345015466,9.147022663367452e-07,1.0000029284408651,-2.2204460492492028e-16
3.2,0.9596981001306288,9.414888020508072e-07,1.000002993920555,0.0
3.3000000000000003,0.989688665759711,9.69193081249815e-07,1.0000030620932894,-2.2204460492492028e-16
3.4,1.019679231388793,9.978341189422952e-07,1.0000031330203911,0.0
3.5,1.0496697970178752,1.027432243012003e-06,1.00000320676566,-4.4408920984984055e-16
3.6,1.0796603626469574,1.0580090791246353e-06,1.0000032833954298,0.0
3.7,1.1096509282760396,1.0895875385767568e-06,1.0000033629786305,0.0
3.8,1.1396414939051218,1.1221918088396624e-06,1.0000034455868476,0.0
3.9,1.1696320595342038,1.155847346903189e-06,1.0000035312943885,-4.4408920984984055e-16
4.0,1.199622625163286,1.1905808754311392e-06,1.000003620178347,-4.4408920984984055e-16
4.1,1.229613190792368,1.2264203818624845e-06,1.0000037123186751,0.0
4.2,1.2596037564214504,1.2633951202630297e-06,1.0000038077982552,0.0
4.3,1.2895943220505324,1.3015356158857458e-06,1.000003906702971,-4.4408920984984055e-16
4.4,1.3195848876796148,1.340873672451267e-06,1.0000040091217886,-2.2204460492492028e-16
4.5,1.3495754533086968,1.3814423820737594e-06,1.0000041151468348,0.0
4.6000000000000005,1.379566018937779,1.4232761376738015e-06,1.0000042248734806,0.0
4.7,1.4095565845668612,1.4664106479872334e-06,1.0000043384004258,0.0
4.8,1.4395471501959431,1.510882954951485e-06,1.0000044558297896,0.0
4.9,1.4695377158250251,1.556731453312202e-06,1.0000045772672006,-2.2204460492492028e-16
5.0,1.4995282814541075,1.603995912796058e-06,1.0000047028218944,-4.4408920984984055e-16
5.1000000000000005,1.5295188470831895,1.6527175022835924e-06,1.0000048326068085,-2.2204460492492028e-16
5.2,1.559509412712272,1.7029388163283257e-06,1.0000049667386857,-4.4408920984984055e-16
5.3,1.589499978341354,1.7547039036708628e-06,1.000005105338179,-4.4408920984984055e-16
5.4,1.619490543970436,1.8080582980278208e-06,1.0000052485299615,-4.4408920984984055e-16
5.5,1.6494811095995183,1.8630490508635368e-06,1.0000053964428353,-4.4408920984984055e-16
5.6000000000000005,1.6794716752286003,1.91972476621136e-06,1.000005549209851,-4.4408920984984055e-16
5.7,1.7094622408576825,1.9781356374533225e-06,1.000005706968424,-4.4408920984984055e-16
5.8,1.7394528064867647,2.0383334862880477e-06,1.000005869860461,-4.4408920984984055e-16
5.9,1.769443372115847,2.10037180353883e-06,1.0000060380324856,-4.4408920984984055e-16
6.0,1.7994339377449289,2.164305791948165e-06,1.0000062116357715,-4.4408920984984055e-16
6.1000000000000005,1.8294245033740115,2.2301924110609296e-06,1.0000063908264776,-4.4408920984984055e-16
6.2,1.8594150690030933,2.298090423988841e-06,1.0000065757657894,-4.4408920984984055e-16
6.3,1.8894056346321757,2.3680604462869067e-06,1.000006766620062,-2.2204460492492028e-16
6.4,1.9193962002612577,2.440164996705409e-06,1.0000069635609727,-4.4408920984984055e-16
6.5,1.94938676589034,2.514468550081796e-06,1.0000071667656736,-4.4408920984984055e-16
6.6000000000000005,1.979377331519422,2.591037592216707e-06,1.0000073764169506,-4.4408920984984055e-16
6.7,2.009367897148504,2.6699406768865265e-06,1.000007592703389,-4.4408920984984055e-16
6.8,2.039358462777586,2.751248484889864e-06,1.0000078158195436,-4.4408920984984055e-16
6.9,2.0693490284066685,2.8350338852050484e-06,1.0000080459661107,-4.4408920984984055e-16
7.0,2.0993395940357504,2.921371998491328e-06,1.0000082833501125,-4.4408920984984055e-16
7.1000000000000005,2.129330159664833,3.0103402625917384e-06,1.0000085281850812,-4.4408920984984055e-16
7.2,2.159320725293915,3.102018500357014e-06,1.00000878069125,-4.4408920984984055e-16
7.3,2.189311290922997,3.1964889899055112e-06,1.0000090410957547,-4.4408920984984055e-16
7.4,2.2193018565520792,3.2938365370197062e-06,1.000009309632834,-6.661338147747608e-16
7.5,2.249292422181161,3.394148550069238e-06,1.0000095865440457,-4.4408920984984055e-16
7.6,2.279282987810244,3.4975151173921107e-06,1.0000098720784758,-4.4408920984984055e-16
7.7,2.3092735534393256,3.6040290871642654e-06,1.000010166492971,-4.4408920984984055e-16
7.8,2.339264119068408,3.713786149879753e-06,1.0000104700523649,-8.881784196996811e-16
7.9,2.36925468469749,3.826884923393645e-06,1.0000107830297158,-6.661338147747608e-16
8.0,2.399245250326572,3.943427040849342e-06,1.0000111057065566,-8.881784196996811e-16
8.1,2.429235815955654,4.06351724120367e-06,1.0000114383731442,-8.881784196996811e-16
8.2,2.459226381584736,4.187263462757683e-06,1.000011781328721,-6.661338147747608e-16
8.3,2.489216947213819,4.314776939540735e-06,1.000012134881786,-6.661338147747608e-16
8.4,2.519207512842901,4.44617230076043e-06,1.0000124993503698,-6.661338147747608e-16
8.5,2.5491980784719828,4.581567673357453e-06,1.0000128750623256,-6.661338147747608e-16
8.6,2.5791886441010647,4.721084787760296e-06,1.000013262355617,-6.661338147747608e-16
8.700000000000001,2.609179209730147,4.864849086865116e-06,1.0000136615786273,-6.661338147747608e-16
8.8,2.6391697753592296,5.012989838496114e-06,1.0000140730904714,-6.661338147747608e-16
8.9,2.669160340988312,5.165640251268767e-06,1.0000144972613187,-6.661338147747608e-16
9.0,2.699150906617393,5.3229375940458364e-06,1.0000149344727267,-6.661338147747608e-16
9.1,2.7291414722464755,5.485023319084439e-06,1.0000153851179834,-6.661338147747608e-16
9.2,2.759132037875558,5.652043188935397e-06,1.00001584960246,-6.661338147747608e-16
9.3,2.7891226035046404,5.82414740739097e-06,1.0000163283439794,-8.881784196996811e-16
9.4,2.8191131691337223,6.001490754261988e-06,1.0000168217731895,-8.881784196996811e-16
9.5,2.8491037347628043,6.184232724391054e-06,1.0000173303339517,-6.661338147747608e-16
9.6,2.8790943003918863,6.372537670874813e-06,1.000017854483735,-6.661338147747608e-16
9.7,2.9090848660209687,6.566574952756543e-06,1.0000183946940375,-6.661338147747608e-16
9.8,2.9390754316500507,6.7665190871777895e-06,1.0000189514508038,-6.661338147747608e-16
9.9,2.969065997279133,6.972549906232582e-06,1.0000195252548607,-8.881784196996811e-16
10.0,2.999056562908215,7.184852718496114e-06,1.000020116622374,-8.881784196996811e-16
10.1,3.029047128537297,7.403618475635355e-06,1.0000207260853078,-8.881784196996811e-16
10.2,3.0590376941663795,7.629043944002001e-06,1.0000213541919034,-8.881784196996811e-16
10.3,3.089028259795461,7.86133188164077e-06,1.0000220015071777,-8.881784196996811e-16
10.4,3.119018825424544,8.100691220428302e-06,1.0000226686134253,-8.881784196996811e-16
10.5,3.149009391053626,8.347337253928441e-06,1.0000233561107468,-8.881784196996811e-16
10.6,3.178999956682708,8.601491831032614e-06,1.0000240646175838,-8.881784196996811e-16
10.7,3.2089905223117903,8.863383555402659e-06,1.0000247947712808,-1.1102230246246014e-15
10.8,3.238981087940872,9.133247991025382e-06,1.000025547228656,-8.881784196996811e-16
10.9,3.2689716535699542,9.411327874056198e-06,1.0000263226665909,-8.881784196996811e-16
11.0,3.2989622191990366,9.697873331057502e-06,1.000027121782644,-8.881784196996811e-16
11.1,3.328952784828118,9.993142103944957e-06,1.000027945295671,-8.881784196996811e-16
11.2,3.358943350457201,1.0297399781863228e-05,1.000028793946481,-8.881784196996811e-16
11.3,3.388933916086283,1.061092003990608e-05,1.0000296684984935,-8.881784196996811e-16
11.4,3.418924481715365,1.0933984885370677e-05,1.000030569738432,-8.881784196996811e-16
11.5,3.4489150473444474,1.1266884911279358e-05,1.0000314984770304,-1.1102230246246014e-15
11.6,3.4789056129735294,1.1609919557759489e-05,1.0000324555497595,-8.881784196996811e-16
11.7,3.508896178602612,1.1963397381445824e-05,1.0000334418175838,-8.881784196996811e-16
11.8,3.538886744231694,1.2327636332899595e-05,1.00003445816773,-8.881784196996811e-16
11.9,3.568877309860776,1.2702964042602611e-05,1.0000355055144925,-8.881784196996811e-16
12.0,3.5988678754898578,1.3089718115625376e-05,1.000036584800048,-1.1102230246246014e-15
12.1,3.62885844111894,1.3488246435390356e-05,1.0000376969953135,-8.881784196996811e-16
12.2,3.658849006748023,1.3898907476378667e-05,1.0000388431008087,-1.3322676295495217e-15
12.3,3.6888395723771046,1.4322070626731735e-05,1.0000400241475662,-1.1102230246246014e-15
12.4,3.7188301380061866,1.4758116520423073e-05,1.0000412411980508,-1.1102230246246014e-15
12.5,3.748820703635269,1.5207437379614162e-05,1.000042495347123,-1.1102230246246014e-15
12.6,3.778811269264351,1.567043736748422e-05,1.0000437877230202,-8.881784196996811e-16
12.7,3.8088018348934334,1.6147532951742755e-05,1.0000451194883713,-8.881784196996811e-16
12.8,3.8387924005225154,1.6639153279235846e-05,1.000046491841247,-1.1102230246246014e-15
12.9,3.868782966151597,1.714574056197223e-05,1.0000479060162328,-1.1102230246246014e-15
13.0,3.8987735317806793,1.766775047479722e-05,1.0000493632855456,-1.3322676295495217e-15
13.1,3.9287640974097617,1.8205652565385893e-05,1.0000508649601727,-1.1102230246246014e-15
13.2,3.958754663038844,1.875993067653301e-05,1.000052412391057,-1.3322676295495217e-15
13.3,3.988745228667926,1.9331083381333903e-05,1.0000540069703103,-1.3322676295495217e-15
13.4,4.018735794297008,1.991962443170849e-05,1.0000556501324658,-1.3322676295495217e-15
13.5,4.04872635992609,2.05260832204754e-05,1.0000573433557705,-1.3322676295495217e-15
13.6,4.078716925555172,2.1151005257543876e-05,1.0000590881635152,-1.3322676295495217e-15
13.7,4.108707491184255,2.179495266059772e-05,1.0000608861254052,-1.3322676295495217e-15
13.8,4.138698056813337,2.2458504660705068e-05,1.000062738858972,-8.881784196996811e-16
13.9,4.168688622442419,2.3142258123392465e-05,1.0000646480310331,-8.881784196996811e-16
14.0,4.198679188071501,2.3846828085360857e-05,1.0000666153591875,-1.1102230246246014e-15
14.1,4.228669753700583,2.457284830793796e-05,1.0000686426133665,-8.881784196996811e-16
14.2,4.258660319329666,2.5320971846938057e-05,1.000070731617421,-1.1102230246246014e-15
14.3,4.288650884958748,2.6091871640286324e-05,1.0000728842507705,-1.1102230246246014e-15
14.4,4.31864145058783,2.688624111308868e-05,1.000075102450089,-1.1102230246246014e-15
14.5,4.348632016216912,2.770479480153498e-05,1.0000773882110503,-1.1102230246246014e-15
14.6,4.378622581845994,2.854826899561038e-05,1.0000797435901252,-1.1102230246246014e-15
14.7,4.4086131474750765,2.941742240131192e-05,1.0000821707064338,-1.1102230246246014e-15
14.8,4.438603713104159,3.031303682315928e-05,1.000084671743651,-1.1102230246246014e-15
14.9,4.46859427873324,3.123591786739142e-05,1.0000872489519712,-1.1102230246246014e-15
15.0,4.498584844362322,3.218689566666659e-05,1.00008990465014,-1.1102230246246014e-15
15.1,4.528575409991404,3.316682562670608e-05,1.000092641227535,-1.1102230246246014e-15
15.2,4.558565975620487,3.417658919576477e-05,1.000095461146323,-1.1102230246246014e-15
15.3,4.588556541249569,3.521709465746127e-05,1.0000983669436732,-8.881784196996811e-16
15.4,4.618547106878651,3.628927794780184e-05,1.0001013612340413,-8.881784196996811e-16
15.5,4.648537672507733,3.739410349708543e-05,1.000104446711527,-8.881784196996811e-16
15.6,4.678528238136815,3.853256509737446e-05,1.000107626152298,-8.881784196996811e-16
15.7,4.708518803765898,3.970568679640408e-05,1.0001109024170896,-8.881784196996811e-16
15.8,4.73850936939498,4.0914523818689625e-05,1.0001142784537806,-1.1102230246246014e-15
15.9,4.768499935024062,4.216016351481278e-05,1.0001177573000504,-8.881784196996811e-16
16.0,4.798490500653144,4.3443726339353305e-05,1.0001213420861128,-8.881784196996811e-16
16.1,4.828481066282227,4.476636685885519e-05,1.0001250360375342,-8.881784196996811e-16
16.2,4.858471631911308,4.612927479025425e-05,1.0001288424781432,-1.1102230246246014e-15
16.3,4.888462197540391,4.753367607113103e-05,1.0001327648330172,-8.881784196996811e-16
16.4,4.918452763169472,4.898083396234544e-05,1.0001368066315754,-1.1102230246246014e-15
16.5,4.948443328798555,5.047205018443545e-05,1.0001409715107523,-1.1102230246246014e-15
16.6,4.978433894427638,5.200866608844708e-05,1.0001452632182768,-1.1102230246246014e-15
16.7,5.008424460056719,5.359206386252056e-05,1.000149685616047,-1.1102230246246014e-15
16.8,5.038415025685802,5.522366777512296e-05,1.00015424268361,-1.1102230246246014e-15
16.9,5.068405591314883,5.690494545629388e-05,1.0001589385217455,-1.1102230246246014e-15
17.0,5.0983961569439655,5.8637409217595744e-05,1.000163777356167,-1.1102230246246014e-15
17.1,5.128386722573048,6.042261741257436e-05,1.0001687635413177,-1.1102230246246014e-15
17.2,5.1583772882021295,6.22621758385094e-05,1.0001739015643063,-1.1102230246246014e-15
17.3,5.188367853831212,6.41577391807236e-05,1.000179196048944,-1.1102230246246014e-15
17.400000000000002,5.218358419460294,6.611101250106169e-05,1.000184651759911,-8.881784196996811e-16
17.5,5.248348985089376,6.812375277156581e-05,1.000190273607052,-1.3322676295495217e-15
17.6,5.278339550718459,7.019777045488214e-05,1.0001960666498035,-1.3322676295495217e-15
17.7,5.30833011634754,7.233493113279011e-05,1.000202036101751,-1.1102230246246014e-15
17.8,5.338320681976623,7.453715718423325e-05,1.000208187335329,-1.1102230246246014e-15
17.900000000000002,5.368311247605705,7.68064295145413e-05,1.0002145258866644,-1.1102230246246014e-15
18.0,5.398301813234787,7.914478933730111e-05,1.000221057460569,-1.1102230246246014e-15
18.1,5.42829237886387,8.155434001034277e-05,1.000227787935678,-8.881784196996811e-16
18.2,5.458282944492951,8.4037248927765e-05,1.0002347233697555,-8.881784196996811e-16
18.3,5.488273510122034,8.659574946950636e-05,1.0002418700051563,-1.3322676295495217e-15
18.4,5.518264075751116,8.92321430102469e-05,1.000249234274451,-1.1102230246246014e-15
18.5,5.548254641380198,9.194880098950218e-05,1.000256822806229,-1.1102230246246014e-15
18.6,5.578245207009281,9.474816704477745e-05,1.0002646424310817,-1.1102230246246014e-15
18.7,5.608235772638362,9.763275920955424e-05,1.0002727001877538,-1.1102230246246014e-15
18.8,5.638226338267445,0.0001006051721782,1.0002810033295022,-8.881784196996811e-16
18.9,5.668216903896527,0.0001036680796403,1.0002895593306336,-8.881784196996811e-16
19.0,5.698207469525609,0.000106824236685,1.0002983758932489,-1.1102230246246014e-15
19.1,5.728198035154691,0.0001100764822796,1.000307460954194,-8.881784196996811e-16
19.2,5.758188600783773,0.0001134277418234,1.0003168226922217,-8.881784196996811e-16
19.3,5.788179166412856,0.0001168810297785,1.0003264695353715,-8.881784196996811e-16
19.4,5.818169732041937,0.0001204394523818,1.0003364101685774,-8.881784196996811e-16
19.5,5.848160297671019,0.000124106210439,1.0003466535415062,-8.881784196996811e-16
19.6,5.878150863300101,0.0001278846022036,1.0003572088766393,-8.881784196996811e-16
19.7,5.908141428929183,0.0001317780263436,1.0003680856775945,-8.881784196996811e-16
19.8,5.938131994558266,0.0001357899849987,1.000379293737713,-8.881784196996811e-16
19.9,5.968122560187348,0.0001399240869308,1.0003908431488993,-6.661338147747608e-16
20.0,5.99811312581643,0.0001441840507694,1.000402744310735,-8.881784196996811e-16
20.1,6.028103691445512,0.000148573708357,1.0004150079398777,-6.661338147747608e-16
20.2,6.058094257074594,0.0001530970081958,1.000427645079734,-6.661338147747608e-16
20.3,6.088084822703677,0.0001577580189991,1.0004406671104469,-6.661338147747608e-16
20.4,6.118075388332759,0.0001625609333516,1.0004540857591702,-6.661338147747608e-16
20.5,6.148065953961841,0.0001675100714799,1.0004679131106726,-6.661338147747608e-16
20.6,6.178056519590923,0.0001726098851393,1.000482161618259,-6.661338147747608e-16
20.7,6.208047085220005,0.0001778649616176,1.000496844115029,-6.661338147747608e-16
20.8,6.238037650849088,0.0001832800278616,1.0005119738254773,-6.661338147747608e-16
20.9,6.26802821647817,0.000188859954729,1.0005275643774545,-6.661338147747608e-16
21.0,6.298018782107252,0.0001946097613695,1.0005436298144956,-4.4408920984984055e-16
21.1,6.328009347736334,0.0002005346197398,1.0005601846085166,-4.4408920984984055e-16
21.2,6.357999913365416,0.0002066398592555,1.000577243672914,-4.4408920984984055e-16
21.3,6.387990478994499,0.0002129309715853,1.0005948223760572,-4.4408920984984055e-16
21.4,6.4179810446235805,0.0002194136155901,1.0006129365551977,-4.4408920984984055e-16
21.5,6.447971610252663,0.0002260936224137,1.0006316025308055,-4.4408920984984055e-16
21.6,6.4779621758817445,0.0002329770007276,1.0006508371213458,-4.4408920984984055e-16
21.7,6.5079527415108265,0.0002400699421359,1.0006706576585116,-4.4408920984984055e-16
21.8,6.5379433071399085,0.0002473788267446,1.0006910820029198,-6.661338147747608e-16
21.9,6.567933872768991,0.0002549102289002,1.00071212856029,-4.4408920984984055e-16
22.0,6.597924438398073,0.0002626709231039,1.0007338162981303,-4.4408920984984055e-16
22.1,6.627915004027155,0.0002706678901045,1.0007561647629213,-4.4408920984984055e-16
22.2,6.657905569656237,0.0002789083231782,1.00077919409784,-6.661338147747608e-16
22.3,6.687896135285319,0.0002873996345983,1.000802925061023,-6.661338147747608e-16
22.4,6.717886700914402,0.0002961494623031,1.0008273790443984,-2.2204460492492028e-16
22.5,6.747877266543484,0.0003051656767655,1.000852578093088,-4.4408920984984055e-16
22.6,6.777867832172566,0.0003144563880731,1.000878544925417,-4.4408920984984055e-16
22.7,6.807858397801648,0.0003240299532225,1.0009053029535315,-4.4408920984984055e-16
22.8,6.83784896343073,0.0003338949836371,1.0009328763046608,-4.4408920984984055e-16
22.9,6.867839529059813,0.000344060352912,1.000961289843025,-4.4408920984984055e-16
23.0,6.897830094688895,0.0003545352047967,1.0009905691924268,-4.4408920984984055e-16
23.1,6.927820660317977,0.0003653289614191,1.0010207407595364,-4.4408920984984055e-16
23.2,6.957811225947059,0.0003764513317609,1.001051831757898,-4.4408920984984055e-16
23.3,6.987801791576141,0.0003879123203906,1.001083870232672,-6.661338147747608e-16
23.4,7.017792357205224,0.0003997222364624,1.0011168850861496,-4.4408920984984055e-16
23.5,7.047782922834306,0.0004118917029896,1.001150906104049,-2.2204460492492028e-16
23.6,7.077773488463388,0.0004244316663988,1.00118596398263,-4.4408920984984055e-16
23.7,7.10776405409247,0.0004373534063772,1.001222090356643,-4.4408920984984055e-16
23.8,7.137754619721552,0.0004506685460178,1.0012593178281484,-4.4408920984984055e-16
23.9,7.167745185350634,0.000464389062274,1.001297679996226,-4.4408920984984055e-16
24.0,7.197735750979716,0.0004785272967331,1.001337211487601,-4.4408920984984055e-16
24.1,7.227726316608798,0.000493095966717,1.001377947988225,-4.4408920984984055e-16
24.2,7.25771688223788,0.0005081081767213,1.0014199262758363,-4.4408920984984055e-16
24.3,7.287707447866962,0.0005235774302021,1.0014631842535295,-2.2204460492492028e-16
24.4,7.317698013496045,0.0005395176417223,1.0015077609843628,-2.2204460492492028e-16
24.5,7.347688579125126,0.0005559431494673,1.0015536967270509,-4.4408920984984055e-16
24.6,7.377679144754209,0.0005728687281416,1.001601032972758,-4.4408920984984055e-16
24.7,7.407669710383291,0.0005903096022585,1.0016498124830415,-4.4408920984984055e-16
24.8,7.437660276012373,0.0006082814598336,1.0017000793289748,-4.4408920984984055e-16
24.9,7.467650841641456,0.0006268004664955,1.0017518789314868,-4.4408920984984055e-16
25.0,7.497641407270537,0.0006458832800269,1.001805258102964,-4.4408920984984055e-16
25.1,7.52763197289962,0.0006655470653466,1.0018602650901447,-4.4408920984984055e-16
25.2,7.557622538528702,0.0006858095099492,1.0019169496183546,-4.4408920984984055e-16
25.3,7.587613104157784,0.000706688839814,1.0019753629371282,-4.4408920984984055e-16
25.4,7.617603669786867,0.0007282038357982,1.0020355578672488,-4.4408920984984055e-16
25.5,7.647594235415948,0.0007503738505293,1.0020975888492651,-4.4408920984984055e-16
25.6,7.677584801045031,0.0007732188258118,1.0021615119935334,-4.4408920984984055e-16
25.7,7.707575366674113,0.0007967593105634,1.002227385131807,-2.2204460492492028e-16
25.8,7.737565932303195,0.0008210164792978,1.0022952678704695,-4.4408920984984055e-16
25.9,7.767556497932277,0.0008460121511691,1.0023652216454244,-4.4408920984984055e-16
26.0,7.797547063561359,0.0008717688095969,1.0024373097787118,-4.4408920984984055e-16
26.1,7.8275376291904415,0.0008983096224885,1.002511597536906,-4.4408920984984055e-16
26.2,7.8575281948195235,0.0009256584630759,1.0025881521913549,-4.4408920984984055e-16
26.3,7.887518760448605,0.0009538399313883,1.002667043080312,-4.4408920984984055e-16
26.4,7.917509326077688,0.0009828793763771,1.002748341673034,-4.4408920984984055e-16
26.5,7.947499891706769,0.0010128029187149,1.0028321216358984,-4.4408920984984055e-16
26.6,7.977490457335852,0.001043637474288,1.0029184589006124,-4.4408920984984055e-16
26.7,8.007481022964933,0.0010754107784047,1.0030074317345792,-4.4408920984984055e-16
26.8,8.037471588594016,0.0011081514107391,1.003099120813497,-4.4408920984984055e-16
26.9,8.067462154223099,0.0011418888210354,1.0031936092962594,-4.4408920984984055e-16
27.0,8.09745271985218,0.001176653355594,1.003290982902227,-4.4408920984984055e-16
27.1,8.127443285481263,0.001212476284563,1.0033913299909696,-4.4408920984984055e-16
27.2,8.157433851110344,0.0012493898300615,1.0034947416445352,-4.4408920984984055e-16
27.3,8.187424416739427,0.0012874271951577,1.003601311752346,-4.4408920984984055e-16
27.4,8.21741498236851,0.0013266225937296,1.0037111370988032,-4.4408920984984055e-16
27.5,8.247405547997591,0.0013670112812336,1.003824317453695,-6.661338147747608e-16
27.6,8.277396113626674,0.0014086295864106,1.003940955665492,-4.4408920984984055e-16
27.7,8.307386679255755,0.0014515149439553,1.0040611577576355,-4.4408920984984055e-16
27.8,8.337377244884838,0.001495705928181,1.0041850330279247,-4.4408920984984055e-16
27.9,8.36736781051392,0.0015412422877078,1.0043126941510785,-6.661338147747608e-16
28.0,8.397358376143002,0.0015881649812067,1.0044442572846264,-6.661338147747608e-16
28.1,8.427348941772085,0.001636516214231,1.0045798421781915,-6.661338147747608e-16
28.2,8.457339507401166,0.0016863394771683,1.0047195722863158,-6.661338147747608e-16
28.3,8.487330073030249,0.0017376795843471,1.0048635748849326,-4.4408920984984055e-16
28.4,8.517320638659331,0.0017905827143327,1.0050119811916138,-4.4408920984984055e-16
28.5,8.547311204288413,0.0018450964514501,1.0051649264897238,-4.4408920984984055e-16
28.6,8.577301769917495,0.0019012698285677,1.005322550256609,-4.4408920984984055e-16
28.7,8.607292335546576,0.0019591533711849,1.005484996295967,-6.661338147747608e-16
28.8,8.63728290117566,0.0020187991428587,1.0056524128745397,-6.661338147747608e-16
28.9,8.667273466804742,0.0020802607920125,1.00582495286327,-8.881784196996811e-16
29.0,8.697264032433823,0.0021435936001685,1.0060027738831003,-8.881784196996811e-16
29.1,8.727254598062906,0.0022088545316465,1.0061860384555483,-8.881784196996811e-16
29.2,8.757245163691987,0.0022761022847743,1.0063749141582472,-8.881784196996811e-16
29.3,8.78723572932107,0.002345397344654,1.006569573785608,-8.881784196996811e-16
29.4,8.817226294950153,0.002416802037534,1.0067701955148076,-8.881784196996811e-16
29.5,8.847216860579234,0.0024903805868327,1.0069769630772691,-8.881784196996811e-16
29.6,8.877207426208317,0.0025661991708652,1.007190065935839,-8.881784196996811e-16
29.7,8.907197991837398,0.0026443259823249,1.0074096994678654,-8.881784196996811e-16
29.8,8.93718855746648,0.0027248312895723,1.007636065154392,-8.881784196996811e-16
29.9,8.967179123095564,0.0028077874997863,1.0078693707756718,-8.881784196996811e-16
30.0,8.997169688724645,0.0028932692240341,1.0081098306132543,-8.881784196996811e-16
30.1,9.027160254353728,0.0029813533443179,1.0083576656588602,-8.881784196996811e-16
30.2,9.057150819982809,0.003072119082658,1.008613103830308,-8.881784196996811e-16
30.3,9.087141385611892,0.0031656480722737,1.008876380194741,-1.1102230246246014e-15
30.4,9.117131951240976,0.0032620244309263,1.0091477371994266,-1.1102230246246014e-15
30.5,9.147122516870056,0.0033613348364882,1.0094274249104125,-1.1102230246246014e-15
30.6,9.177113082499138,0.0034636686048056,1.009715701259312,-1.1102230246246014e-15
30.7,9.20710364812822,0.0035691177699257,1.010012832298555,-1.1102230246246014e-15
30.8,9.237094213757302,0.0036777771667565,1.0103190924653842,-1.1102230246246014e-15
30.9,9.267084779386384,0.0037897445162354,1.0106347648549523,-1.3322676295495217e-15
31.0,9.297075345015466,0.0039051205130808,1.010960141502855,-1.1102230246246014e-15
31.1,9.32706591064455,0.0040240089162041,1.0112955236774543,-1.3322676295495217e-15
31.2,9.35705647627363,0.0041465166418636,1.0116412221823745,-1.3322676295495217e-15
31.3,9.387047041902711,0.004272753859641,1.0119975576695557,-1.3322676295495217e-15
31.4,9.417037607531796,0.0044028340913257,1.012364860963269,-1.3322676295495217e-15
31.5,9.447028173160875,0.0045368743127951,1.012743473395531,-1.3322676295495217e-15
31.6,9.47701873878996,0.0046749950589794,1.0131337471533504,-1.7763568393993622e-15
31.7,9.50700930441904,0.004817320532004,1.0135360456382698,-1.7763568393993622e-15
31.8,9.536999870048124,0.0049639787126042,1.0139507438386972,-1.7763568393993622e-15
31.9,9.566990435677209,0.0051151014749098,1.01437822871553,-1.7763568393993622e-15
32.0,9.596981001306288,0.0052708247047008,1.0148188996015954,-2.2204460492492028e-15
32.1,9.62697156693537,0.0054312884212368,1.0152731686154697,-2.2204460492492028e-15
32.2,9.656962132564454,0.0055966369027669,1.0157414610902524,-2.2204460492492028e-15
32.3,9.686952698193531,0.0057670188158296,1.016224216017898,-2.2204460492492028e-15
32.4,9.716943263822616,0.0059425873484545,1.0167218865097525,-2.2204460492492028e-15
32.5,9.7469338294517,0.0061235003473818,1.017234940273944,-2.6645352590990437e-15
32.6,9.776924395080782,0.0063099204594191,1.0177638601103371,-2.6645352590990437e-15
32.7,9.806914960709864,0.0065020152770556,1.0183091444237742,-2.6645352590990437e-15
32.8,9.836905526338944,0.0066999574884611,1.0188713077563658,-2.886579864023964e-15
32.9,9.866896091968028,0.0069039250319978,1.0194508813396408,-3.108624468948884e-15
33.0,9.89688665759711,0.0071141012553769,1.0200484136673944,-3.3306690738738043e-15
33.1,9.926877223226192,0.007330675079597,1.020664471090105,-3.5527136787987244e-15
33.2,9.956867788855275,0.0075538411678021,1.0212996384318662,-3.5527136787987244e-15
33.3,9.986858354484356,0.0077838000992042,1.021954519630785,-3.5527136787987244e-15
33.4,10.016848920113436,0.0080207585482158,1.0226297384038847,-3.9968028886485646e-15
33.5,10.04683948574252,0.0082649294689439,1.0233259389375706,-4.4408920984984055e-15
33.6,10.076830051371603,0.0085165322852006,1.0240437866047951,-4.4408920984984055e-15
33.7,10.106820617000686,0.0087757930861862,1.0247839687101017,-4.884981308348247e-15
33.8,10.136811182629764,0.0090429448280108,1.025547195263791,-5.107025913273167e-15
33.9,10.166801748258848,0.009318227541217,1.026334199786527,-5.107025913273167e-15
34.0,10.196792313887933,0.0096018885444773,1.027145740145757,-5.329070518198087e-15
34.1,10.226782879517014,0.0098941826646372,1.0279825994253935,-5.773159728047928e-15
34.2,10.256773445146097,0.0101953724632857,1.0288455868302913,-6.217248937897768e-15
34.300000000000004,10.286764010775178,0.0105057284700325,1.0297355386271312,-6.661338147747609e-15
34.4,10.31675457640426,0.01082552942268,1.030653319123396,-6.883382752672529e-15
34.5,10.346745142033342,0.0111550625144804,1.031599821686249,-7.327471962522371e-15
34.6,10.376735707662425,0.0114946236486706,1.0325759698031702,-7.549516567447289e-15
34.7,10.406726273291508,0.0118445177004856,1.0335827181863717,-8.21565038222205e-15
34.800000000000004,10.436716838920589,0.0122050587868495,1.034621053923068,-8.437694987146971e-15
34.9,10.46670740454967,0.0125765705439523,1.0356919976738397,-9.103828801921732e-15
35.0,10.496697970178753,0.0129593864129199,1.0367966049214052,-9.769962616696491e-15
35.1,10.526688535807835,0.0133538499337916,1.0379359672723114,-1.0214051826546332e-14
35.2,10.556679101436918,0.0137603150480201,1.039111213814124,-1.1102230246246012e-14
35.300000000000004,10.586669667066,0.0141791464097133,1.0403235125309007,-1.1546319456095855e-14
35.4,10.61666023269508,0.0146107197058407,1.0415740717798805,-1.2212453270870616e-14
35.5,10.646650798324163,0.015055421985628,1.0428641418324642,-1.2878587085645376e-14
35.6,10.676641363953246,0.0155136519993678,1.0441950164827845,-1.3766765505345058e-14
35.7,10.70663192958233,0.0159858205468739,1.04556803472733,-1.4654943925044743e-14
35.800000000000004,10.73662249521141,0.0164723508358114,1.0469845825193005,-1.5543122344744423e-14
35.9,10.766613060840491,0.0169736788501316,1.0484460946016003,-1.64313007644441e-14
36.0,10.796603626469574,0.0174902537288459,1.0499540564226015,-1.731947918414378e-14
36.1,10.826594192098655,0.0180225381553681,1.0515100061390652,-1.8207657603843464e-14
36.2,10.85658475772774,0.018571008757658,1.053115536710886,-1.9539925233392983e-14
36.3,10.88657532335682,0.0191361565193944,1.0547722980925978,-2.0428103653092663e-14
36.4,10.916565888985902,0.0197184872024039,1.0564819995269,-2.1760371282642188e-14
36.5,10.946556454614983,0.0203185217805707,1.0582464119457902,-2.3092638912191713e-14
36.6,10.976547020244068,0.0209367968854446,1.060067370485244,-2.4424906541741232e-14
36.7,11.00653758587315,0.0215738652637607,1.0619467771197515,-2.5979218776215672e-14
36.8,11.036528151502232,0.0222302962470778,1.0638866034234442,-2.7533531010690115e-14
36.9,11.066518717131313,0.0229066762337314,1.0658888934649684,-2.9087843245164555e-14
37.0,11.096509282760396,0.0236036091832907,1.0679557668437314,-3.1086244689488846e-14
37.1,11.12649984838948,0.0243217171236916,1.0700894218756576,-3.3084646133813124e-14
37.2,11.15649041401856,0.0250616406712095,1.0722921389371056,-3.50830475781374e-14
37.3,11.186480979647644,0.0258240395634144,1.0745662839762198,-3.7081449022461693e-14
37.4,11.216471545276724,0.0266095932052337,1.076914312201572,-3.9301895071710896e-14
37.5,11.246462110905806,0.027419001228226,1.0793387719586394,-4.1744385725885016e-14
37.6,11.27645267653489,0.0282529840631442,1.0818423088053903,-4.4186876380059136e-14
37.7,11.306443242163972,0.0291122835258374,1.084427669799015,-4.7073456244083104e-14
37.8,11.336433807793052,0.0299976634165077,1.08709770800669,-4.973799150318214e-14
37.9,11.366424373422134,0.0309099101323034,1.089855387254161,-5.2846615972131034e-14
38.0,11.396414939051215,0.0318498332931876,1.0927037871269067,-5.5955240441079913e-14
38.1,11.4264055046803,0.0328182663809729,1.0956461082397086,-5.950795411987864e-14
38.2,11.45639607030938,0.0338160673913642,1.0986856777915752,-6.306066779867736e-14
38.3,11.486386635938464,0.0348441194987885,1.10182595542422,-6.705747068732593e-14
38.4,11.516377201567543,0.035903331733729,1.1050705394036058,-7.10542735759745e-14
38.5,11.546367767196628,0.0369946396722033,1.1084231731455343,-7.549516567447289e-14
38.6,11.576358332825713,0.0381190061369464,1.111887752107794,-8.038014698282116e-14
38.7,11.606348898454792,0.0392774219097653,1.115468331073105,-8.52651282911694e-14
38.8,11.636339464083877,0.0404709064544312,1.1191691318489136,-9.059419880936749e-14
38.9,11.666330029712956,0.0417005086493608,1.1229945514120991,-9.614531393249049e-14
39.0,11.69632059534204,0.0429673075292113,1.1269491705288237,-1.0214051826546333e-13
39.1,11.726311160971122,0.0442724130343745,1.1310377628821064,-1.0880185641321095e-13
39.2,11.756301726600205,0.0456169667671967,1.1352653047422847,-1.1546319456095857e-13
39.3,11.786292292229286,0.0470021427535796,1.1396369852182917,-1.22568621918556e-13
39.4,11.816282857858369,0.0484291482084234,1.144158217130762,-1.301181384860033e-13
39.5,11.84627342348745,0.0498992243031601,1.1488346485512733,-1.3833378886822536e-13
39.6,11.876263989116532,0.0514136469333871,1.1536721750556578,-1.4721557306522217e-13
39.7,11.906254554745614,0.0529737274843488,1.1586769527432934,-1.5631940186714389e-13
39.8,11.936245120374696,0.0545808135917237,1.1638554120786018,-1.6608936448384037e-13
39.9,11.966235686003778,0.0562362898948469,1.1692142726157346,-1.7652546091531161e-13
40.0,11.99622625163286,0.0579415787791462,1.174760558672599,-1.8762769116155765e-13
40.1,12.026216817261943,0.0596981411041673,1.1805016160261013,-1.993960552225784e-13
40.2,12.056207382891024,0.0615074769131269,1.1864451297066885,-2.1205259770329885e-13
40.3,12.086197948520107,0.0633711261194452,1.1925991429771807,-2.25597318603719e-13
40.4,12.116188514149188,0.0652906691651655,1.1989720775883823,-2.398081733189139e-13
40.5,12.146179079778271,0.0672677276455755,1.2055727554123044,-2.551292510587334e-13
40.6,12.176169645407354,0.0693039648936745,1.2124104215629423,-2.713385072182526e-13
40.7,12.206160211036435,0.0714010865173981,1.2194947691246791,-2.886579864023964e-13
40.8,12.236150776665518,0.0735608408816957,1.2268359656194767,-3.0730973321608965e-13
40.9,12.2661413422946,0.0757850195266448,1.2344446813563643,-3.270717030544076e-13
41.0,12.296131907923682,0.0780754575117862,1.24233211982033,-3.48165940522275e-13
41.1,12.326122473552765,0.0804340336757413,1.2505100502727948,-3.708144902246169e-13
41.2,12.356113039181846,0.0828626707989357,1.2589908427526084,-3.9479530755650826e-13
41.3,12.386103604810929,0.0853633356558696,1.267787505685028,-4.207745263327239e-13
41.4,12.41609417044001,0.0879380389418457,1.276913726326807,-4.480860127384891e-13
41.5,12.446084736069093,0.0905888350573539,1.2863839142984863,-4.773959005885786e-13
41.6,12.476075301698176,0.093317821731414,1.296213248480559,-5.089262344879173e-13
41.7,12.506065867327257,0.0961271394630601,1.3064177275787472,-5.426770144365052e-13
41.8,12.53605643295634,0.0990189707577879,1.317014224695519,-5.784261958294175e-13
41.9,12.56604699858542,0.1019955391331555,1.3280205462806578,-6.170619570863534e-13
42.0,12.596037564214503,0.1050591078647832,1.3394554958736893,-6.581402089974637e-13
42.1,12.626028129843586,0.1082119784407162,1.3513389430957834,-7.022160630750603e-13
42.2,12.656018695472667,0.1114564886884353,1.3636918983991668,-7.492895193191434e-13
42.3,12.68600926110175,0.1147950105346875,1.3765365941387322,-7.998046669395628e-13
42.4,12.715999826730831,0.1182299473536966,1.3898965725944106,-8.542055951461683e-13
42.5,12.745990392359914,0.1217637308541426,1.403796781644972,-9.123812816364974e-13
42.6,12.775980957988995,0.1253988174494897,1.4182636788753678,-9.746647933179376e-13
42.7,12.805971523618078,0.1291376840497149,1.4333253449920031,-1.041611241702801e-12
42.8,12.83596208924716,0.1329828232051407,1.449011607524931,-1.1135536936984752e-12
42.9,12.865952654876242,0.136936737524793,1.465354175914849,-1.1906031716074225e-12
43.0,12.895943220505323,0.1410019332823685,1.4823867892180236,-1.2735368315468805e-12
43.1,12.925933786134406,0.1451809131123377,1.500145377816516,-1.3625767181217732e-12
43.2,12.955924351763487,0.1494761676867729,1.518668240697287,-1.4583889651468764e-12
43.3,12.985914917392572,0.1538901662499673,1.5379962400653495,-1.5611956172271144e-12
43.4,13.015905483021651,0.1584253458725693,1.558173015287445,-1.6715517858747998e-12
43.5,13.045896048650736,0.1630840992695216,1.5792452184283488,-1.7903456495096322e-12
43.6,13.075886614279815,0.1678687610062649,1.6012627739479717,-1.917910275038999e-12
43.7,13.1058771799089,0.1727815918950523,1.6242791654804147,-2.0549117962776747e-12
43.8,13.135867745537984,0.1778247613574178,1.6483517530245697,-2.202127369342897e-12
43.9,13.165858311167064,0.1830003274993241,1.673542124349194,-2.3601121057469776e-12
44.0,13.195848876796148,0.1883102146117048,1.6999164849654185,-2.529310094699767e-12
44.1,13.225839442425228,0.1937561877703166,1.727546091660292,-2.7107205369234267e-12
44.2,13.25583000805431,0.1993398241641988,1.7565077353330547,-2.904787521627807e-12
44.3,13.285820573683392,0.205062480730647,1.7868842797515954,-3.111844115720295e-12
44.4,13.315811139312476,0.2109252576152857,1.8187652638745684,-3.332556453015666e-12
44.5,13.345801704941556,0.2169289569072144,1.8522475765947255,-3.5671465781188444e-12
44.6,13.375792270570638,0.2230740360196907,1.8874362141874168,-3.815281424122442e-12
44.7,13.40578283619972,0.2293605549944593,1.9244451324393557,-4.076738946421536e-12
44.8,13.435773401828804,0.2357881169003423,1.96339820744104,-4.350519944293963e-12
44.9,13.465763967457884,0.2423558003713088,2.0044303214186963,-4.635070105505249e-12
45.0,13.495754533086968,0.249062083182611,2.047688592841008,-4.9277248947962935e-12
45.1,13.52574509871605,0.2559047555917312,2.0933337734650497,-5.224487509278449e-12
45.2,13.555735664345132,0.262880821968988,2.1415418391125525,-5.519806833828593e-12
45.3,13.585726229974217,0.2699863890048742,2.192505805951868,-5.805245173459578e-12
45.4,13.615716795603296,0.2772165385004541,2.246437810103695,-6.070033364832545e-12
45.5,13.64570736123238,0.2845651824148142,2.303571495743065,-6.298295218695364e-12
45.6,13.67569792686146,0.2920248974491428,2.3641647658572054,-6.469380586790015e-12
45.7,13.705688492490545,0.299586735977631,2.428502960847346,-6.554312648173797e-12
45.8,13.735679058119626,0.3072400095753297,2.4969025437547208,-6.5141225746823865e-12
45.9,13.765669623748709,0.3149720407229712,2.5697153877186087,-6.296074772646115e-12
46.0,13.79566018937779,0.3227678774647779,2.6473337822047047,-5.829337013093932e-12
46.1,13.82565075500687,0.3306099648280206,2.7301963007020373,-5.017208870581036e-12
46.2,13.855641320635954,0.3384777656462472,2.818794705446624,-3.729683228923886e-12
46.3,13.885631886265037,0.3463473220167465,2.9136821062203366,-1.7896795156948577e-12
46.4,13.915622451894118,0.3541907469113338,3.015482642941888,1.0431655539372757e-12
46.5,13.9456130175232,0.361975633379152,3.1249030289944795,5.0981441290761694e-12
46.6,13.975603583152282,0.3696643662458806,3.2427463785345005,1.0825562668509564e-11
46.7,14.005594148781364,0.3772133181209595,3.369928852454045,1.8846701976817385e-11
46.8,14.035584714410447,0.3845719077451837,3.5074998023991344,3.0023317165713246e-11
46.9,14.065575280039528,0.3916814940904229,3.656666281358576,4.5556003414026194e-11
47.0,14.095565845668611,0.3984740739768238,3.81882303793795,6.713340994221025e-11
47.1,14.125556411297692,0.4048707440872192,3.995589440178794,9.714495874386248e-11
47.2,14.155546976926775,0.4107798798984553,4.188855212017055,1.3900325335207397e-10
47.3,14.185537542555858,0.4160949739797208,4.400837450119648,1.976281360781662e-10
47.4,14.21552810818494,0.4206920641436609,4.634152174256218,2.8018698472451065e-10
47.5,14.245518673814022,0.4244266680482674,4.891904723272709,3.97238908433707e-10
47.6,14.275509239443103,0.427130125377994,5.177804738906653,5.645370837467585e-10
47.7,14.305499805072186,0.4286052328171822,5.496313409143659,8.059037881476405e-10
47.8,14.335490370701269,0.428621043427713,5.852833230619769,1.1579051051307835e-09
47.9,14.36548093633035,0.4269066967659961,6.253953971927883,1.6775907329949426e-09
48.0,14.395471501959433,0.4231441615894507,6.707772915939121,2.4555675270919663e-09
