N,Z,closure,realization,max_finite,max_ref,delta_max
256,25.0,open,0,1.257879013848685,1.2653556502423091,-0.0074766363936242
256,25.0,open,1,1.9467007247015584,2.045085126048772,-0.0983844013472132
256,25.0,open,2,1.5067707255560516,1.4099860416646133,0.0967846838914383
256,25.0,open,3,1.8608226121796971,1.9333556271210248,-0.0725330149413274
256,25.0,open,4,2.3717276756600616,2.385630462392715,-0.0139027867326535
256,25.0,open,5,1.441822081526712,1.3828946517800405,0.0589274297466715
256,25.0,open,6,1.4768918065571208,1.3504766824655516,0.1264151240915692
256,25.0,open,7,1.18376627417417,1.0912820398494856,0.0924842343246845
256,25.0,open,8,1.42894738896238,1.513079722981922,-0.0841323340195419
256,25.0,open,9,1.5594737535763916,1.5443848156206916,0.0150889379556999
256,25.0,open,10,1.4993947326487091,1.4096650304991252,0.0897297021495839
256,25.0,open,11,1.339823951257597,1.2717162861050686,0.0681076651525283
256,25.0,open,12,1.8150763133128591,1.706797971063171,0.1082783422496878
256,25.0,open,13,1.2922575392536373,1.2645150787861643,0.0277424604674729
256,25.0,open,14,1.7793753514269557,1.6233583327871526,0.1560170186398031
256,25.0,open,15,1.217536910034038,1.2026976361284187,0.0148392739056193
256,25.0,open,16,1.396710214586745,1.316885462989004,0.0798247515977408
256,25.0,open,17,1.4201977530700751,1.4480031163383824,-0.027805363268307
256,25.0,open,18,1.266820560292464,1.1676303023212249,0.0991902579712391
256,25.0,open,19,1.4622802176037986,1.2424539163865909,0.2198263012172077
256,25.0,open,20,1.6205834022596686,1.7190739102269412,-0.0984905079672726
256,25.0,open,21,1.6660528716443852,1.6962099227302538,-0.0301570510858686
256,25.0,open,22,1.2556461498631166,1.2480254507166606,0.007620699146456
256,25.0,open,23,1.3598117324692758,1.3948438649410129,-0.035032132471737
256,25.0,open,24,1.5433018889968706,1.3952698578623417,0.1480320311345291
256,25.0,open,25,2.1013231792927987,2.0972675785318,0.0040556007609993
256,25.0,open,26,1.5637085901468883,1.56095971471491,0.0027488754319782
256,25.0,open,27,1.3825861818681775,1.390184802663186,-0.0075986207950082
256,25.0,open,28,1.5305851155051855,1.4464806139341086,0.0841045015710768
256,25.0,open,29,1.3591525503087754,1.3427884193916124,0.0163641309171629
256,25.0,open,30,1.6051468840320295,1.6165611783052525,-0.0114142942732229
256,25.0,open,31,1.3323778448651284,1.2523926325948187,0.0799852122703097
256,25.0,open,32,1.5246637498078308,1.5641496857128043,-0.0394859359049735
256,25.0,open,33,1.1634443558815422,1.1269695231005905,0.0364748327809516
256,25.0,open,34,1.487830021620013,1.4109558423354165,0.076874179284597
256,25.0,open,35,2.1542430486109123,2.0566845538210634,0.0975584947898489
256,25.0,open,36,1.31787610146427,1.374685285082072,-0.0568091836178019
256,25.0,open,37,1.6536848628683931,1.5508034150258765,0.1028814478425168
256,25.0,open,38,1.0689491119878711,1.1387424166456213,-0.0697933046577501
256,25.0,open,39,1.6199045572839994,1.4282061554600425,0.1916984018239569
256,25.0,open,40,1.2999326663279955,1.2539985638730238,0.0459341024549717
256,25.0,open,41,1.6456936669837074,1.5321071649524778,0.1135865020312296
256,25.0,open,42,3.493106522586076,3.9858377780274767,-0.4927312554414014
256,25.0,open,43,2.738850110131438,2.473038143769044,0.2658119663623943
256,25.0,open,44,1.3271891230243478,1.2599508267932022,0.0672382962311455
256,25.0,open,45,1.3007378253097883,1.396974189470179,-0.0962363641603907
256,25.0,open,46,1.209862965227412,1.1689265817592087,0.0409363834682032
256,25.0,open,47,1.6545712631010911,1.588473814045442,0.0660974490556491
256,25.0,open,48,2.1589453298363765,2.1003027049499488,0.0586426248864278
256,25.0,open,49,1.3405346813885517,1.338069774772657,0.0024649066158941
256,25.0,open,50,1.2878273369790303,1.304054759219481,-0.0162274222404508
256,25.0,open,51,1.601323471691026,1.6121431428979545,-0.0108196712069283
256,25.0,open,52,1.2330108153035535,1.153299807763988,0.0797110075395657
256,25.0,open,53,1.3526105073294288,1.2812380152580871,0.0713724920713416
256,25.0,open,54,2.054906579477913,1.879593200293643,0.17531337918427
256,25.0,open,55,1.1643348250390146,1.0646363260798537,0.0996984989591609
256,25.0,open,56,1.3309823108592884,1.2553259960841383,0.0756563147751501
256,25.0,open,57,1.5990811132736318,1.6541858115732828,-0.055104698299651
256,25.0,open,58,1.8300911350327136,1.6847141033644626,0.145377031668251
256,25.0,open,59,1.263354773503394,1.335161289972288,-0.0718065164688941
256,25.0,open,60,1.4453668309805003,1.3624247490492392,0.0829420819312611
256,25.0,open,61,1.4172339587710858,1.4150499690136775,0.0021839897574083
256,25.0,open,62,1.932993152225657,1.81409358595094,0.1188995662747172
256,25.0,open,63,1.7747366367802566,1.7281509486744868,0.0465856881057697
256,25.0,corrected,0,1.2722550288397536,1.2653556502423091,0.0068993785974442
256,25.0,corrected,1,2.04916647945222,2.045085126048772,0.004081353403448
256,25.0,corrected,2,1.410560919490757,1.4099860416646133,0.0005748778261436
256,25.0,corrected,3,1.9432381925212163,1.9333556271210248,0.0098825654001915
256,25.0,corrected,4,2.390363158264251,2.385630462392715,0.0047326958715356
256,25.0,corrected,5,1.3864783170956074,1.3828946517800405,0.0035836653155669
256,25.0,corrected,6,1.3518094168460109,1.3504766824655516,0.0013327343804592
256,25.0,corrected,7,1.0933391677331614,1.0912820398494856,0.0020571278836758
256,25.0,corrected,8,1.5140097931929186,1.513079722981922,0.0009300702109966
256,25.0,corrected,9,1.5452133955624208,1.5443848156206916,0.0008285799417291
256,25.0,corrected,10,1.4111714224691303,1.4096650304991252,0.0015063919700051
256,25.0,corrected,11,1.2731894252446985,1.2717162861050686,0.0014731391396298
256,25.0,corrected,12,1.7126014530818348,1.706797971063171,0.0058034820186634
256,25.0,corrected,13,1.2709320311041803,1.2645150787861643,0.0064169523180162
256,25.0,corrected,14,1.618178010381408,1.6233583327871526,-0.0051803224057445
256,25.0,corrected,15,1.2031295494968035,1.2026976361284187,0.0004319133683849
256,25.0,corrected,16,1.3201028226337648,1.316885462989004,0.0032173596447606
256,25.0,corrected,17,1.4472047071776155,1.4480031163383824,-0.0007984091607668
256,25.0,corrected,18,1.1724953579364583,1.1676303023212249,0.0048650556152336
256,25.0,corrected,19,1.246729892681662,1.2424539163865909,0.004275976295071
256,25.0,corrected,20,1.7214599225200913,1.7190739102269412,0.00238601229315
256,25.0,corrected,21,1.7021983470298898,1.6962099227302538,0.0059884242996359
256,25.0,corrected,22,1.2511130079431203,1.2480254507166606,0.0030875572264599
256,25.0,corrected,23,1.394121631555962,1.3948438649410129,-0.0007222333850509
256,25.0,corrected,24,1.3968797880369366,1.3952698578623417,0.001609930174595
256,25.0,corrected,25,2.093651103280362,2.0972675785318,-0.0036164752514373
256,25.0,corrected,26,1.564905045397303,1.56095971471491,0.0039453306823928
256,25.0,corrected,27,1.3897504109029075,1.390184802663186,-0.0004343917602784
256,25.0,corrected,28,1.4503906466767085,1.4464806139341086,0.0039100327425996
256,25.0,corrected,29,1.34752459724887,1.3427884193916124,0.0047361778572576
256,25.0,corrected,30,1.6200090339376227,1.6165611783052525,0.0034478556323702
256,25.0,corrected,31,1.255157315901153,1.2523926325948187,0.0027646833063346
256,25.0,corrected,32,1.5678742586733638,1.5641496857128043,0.0037245729605595
256,25.0,corrected,33,1.1302497531480096,1.1269695231005905,0.003280230047419
256,25.0,corrected,34,1.411539294565679,1.4109558423354165,0.0005834522302627
256,25.0,corrected,35,2.065109501571207,2.0566845538210634,0.0084249477501434
256,25.0,corrected,36,1.3797353772069345,1.374685285082072,0.0050500921248624
256,25.0,corrected,37,1.551403836090949,1.5508034150258765,0.0006004210650727
256,25.0,corrected,38,1.1421468280884146,1.1387424166456213,0.0034044114427933
256,25.0,corrected,39,1.433623263069305,1.4282061554600425,0.0054171076092626
256,25.0,corrected,40,1.2540937137670365,1.2539985638730238,9.51498940127138e-05
256,25.0,corrected,41,1.5358958822598885,1.5321071649524778,0.0037887173074107
256,25.0,corrected,42,4.005770848894548,3.9858377780274767,0.0199330708670708
256,25.0,corrected,43,2.478135689571116,2.473038143769044,0.0050975458020725
256,25.0,corrected,44,1.2586290172581562,1.2599508267932022,-0.001321809535046
256,25.0,corrected,45,1.3982366445997123,1.396974189470179,0.0012624551295334
256,25.0,corrected,46,1.1721843000731382,1.1689265817592087,0.0032577183139295
256,25.0,corrected,47,1.5927955371120557,1.588473814045442,0.0043217230666134
256,25.0,corrected,48,2.1016828977560094,2.1003027049499488,0.0013801928060606
256,25.0,corrected,49,1.3378045333685584,1.338069774772657,-0.0002652414040988
256,25.0,corrected,50,1.3040153092987334,1.304054759219481,-3.944992074766951e-05
256,25.0,corrected,51,1.613312310802656,1.6121431428979545,0.0011691679047014
256,25.0,corrected,52,1.154622125822429,1.153299807763988,0.0013223180584409
256,25.0,corrected,53,1.2855582649880717,1.2812380152580871,0.0043202497299845
256,25.0,corrected,54,1.8847743313333565,1.879593200293643,0.0051811310397131
256,25.0,corrected,55,1.065331459656714,1.0646363260798537,0.0006951335768603
256,25.0,corrected,56,1.2588439780649534,1.2553259960841383,0.003517981980815
256,25.0,corrected,57,1.6562531280765318,1.6541858115732828,0.0020673165032489
256,25.0,corrected,58,1.68572589882489,1.6847141033644626,0.0010117954604274
256,25.0,corrected,59,1.339424494897891,1.335161289972288,0.004263204925603
256,25.0,corrected,60,1.365256232037473,1.3624247490492392,0.0028314829882338
256,25.0,corrected,61,1.4233930406728958,1.4150499690136775,0.0083430716592183
256,25.0,corrected,62,1.8194341519648984,1.81409358595094,0.0053405660139587
256,25.0,corrected,63,1.7334818482419465,1.7281509486744868,0.0053308995674596
