alpha,rho,N,closure,threshold,Z_observed,Z_predicted,beta,mu,g
0.8,0.15,128,open,0.001,60.0,58.577855227030554,0.7943285854760255,0.17965608009474265,0.1488467493905591
0.8,0.15,128,open,0.01,74.4,73.76904720122204,0.7943285854760255,0.17965608009474265,0.1488467493905591
0.8,0.15,128,corrected,0.001,54.5,,0.7943285854760255,0.17965608009474265,0.1488467493905591
0.8,0.15,128,corrected,0.01,68.8,,0.7943285854760255,0.17965608009474265,0.1488467493905591
0.8,0.15,256,open,0.001,62.0,62.20437005192955,0.7943285854760255,0.17965608009474265,0.1488467493905591
0.8,0.15,256,open,0.01,77.3,77.40991655633081,0.7943285854760255,0.17965608009474265,0.1488467493905591
0.8,0.15,256,corrected,0.001,70.8,,0.7943285854760255,0.17965608009474265,0.1488467493905591
0.8,0.15,256,corrected,0.01,83.8,,0.7943285854760255,0.17965608009474265,0.1488467493905591
0.8,0.15,512,open,0.001,64.5,65.83492029464789,0.7943285854760255,0.17965608009474265,0.1488467493905591
0.8,0.15,512,open,0.01,79.10000000000001,81.05341969906465,0.7943285854760255,0.17965608009474265,0.1488467493905591
0.8,0.15,512,corrected,0.001,82.60000000000001,,0.7943285854760255,0.17965608009474265,0.1488467493905591
0.8,0.15,512,corrected,0.01,,,0.7943285854760255,0.17965608009474265,0.1488467493905591
0.8,0.15,1024,open,0.001,67.3,69.46908392894497,0.7943285854760255,0.17965608009474265,0.1488467493905591
0.8,0.15,1024,open,0.01,81.8,84.69932993062939,0.7943285854760255,0.17965608009474265,0.1488467493905591
0.8,0.15,1024,corrected,0.001,84.9,,0.7943285854760255,0.17965608009474265,0.1488467493905591
0.8,0.15,1024,corrected,0.01,,,0.7943285854760255,0.17965608009474265,0.1488467493905591
0.8,0.3,128,open,0.001,32.2,33.56463113548795,0.8005208889030638,-0.1425708793157819,0.2999056562908215
0.8,0.3,128,open,0.01,39.0,41.341395579755805,0.8005208889030638,-0.1425708793157819,0.2999056562908215
0.8,0.3,128,corrected,0.001,36.2,,0.8005208889030638,-0.1425708793157819,0.2999056562908215
0.8,0.3,128,corrected,0.01,43.6,,0.8005208889030638,-0.1425708793157819,0.2999056562908215
0.8,0.3,256,open,0.001,35.1,35.44066376740879,0.8005208889030638,-0.1425708793157819,0.2999056562908215
0.8,0.3,256,open,0.01,42.2,43.21261789443065,0.8005208889030638,-0.1425708793157819,0.2999056562908215
0.8,0.3,256,corrected,0.001,41.6,,0.8005208889030638,-0.1425708793157819,0.2999056562908215
0.8,0.3,256,corrected,0.01,45.300000000000004,,0.8005208889030638,-0.1425708793157819,0.2999056562908215
0.8,0.3,512,open,0.001,37.4,37.31534525842198,0.8005208889030638,-0.1425708793157819,0.2999056562908215
0.8,0.3,512,open,0.01,44.7,45.08293845721776,0.8005208889030638,-0.1425708793157819,0.2999056562908215
0.8,0.3,512,corrected,0.001,42.6,,0.8005208889030638,-0.1425708793157819,0.2999056562908215
0.8,0.3,512,corrected,0.01,46.300000000000004,,0.8005208889030638,-0.1425708793157819,0.2999056562908215
0.8,0.3,1024,open,0.001,39.300000000000004,39.18881063266437,0.8005208889030638,-0.1425708793157819,0.2999056562908215
0.8,0.3,1024,open,0.01,46.6,46.95243174981716,0.8005208889030638,-0.1425708793157819,0.2999056562908215
0.8,0.3,1024,corrected,0.001,43.6,,0.8005208889030638,-0.1425708793157819,0.2999056562908215
0.8,0.3,1024,corrected,0.01,47.2,,0.8005208889030638,-0.1425708793157819,0.2999056562908215
1.2,0.15,128,open,0.001,65.2,69.78237708677895,1.2010774818290246,0.5935299253455135,0.1468434516569534
1.2,0.15,128,open,0.01,78.9,84.68077932885072,1.2010774818290246,0.5935299253455135,0.1468434516569534
1.2,0.15,128,corrected,0.001,67.4,,1.2010774818290246,0.5935299253455135,0.1468434516569534
1.2,0.15,128,corrected,0.01,81.0,,1.2010774818290246,0.5935299253455135,0.1468434516569534
1.2,0.15,256,open,0.001,72.10000000000001,75.15219648861265,1.2010774818290246,0.5935299253455135,0.1468434516569534
1.2,0.15,256,open,0.01,86.10000000000001,90.09953621445909,1.2010774818290246,0.5935299253455135,0.1468434516569534
1.2,0.15,256,corrected,0.001,,,1.2010774818290246,0.5935299253455135,0.1468434516569534
1.2,0.15,256,corrected,0.01,,,1.2010774818290246,0.5935299253455135,0.1468434516569534
1.2,0.15,512,open,0.001,77.8,80.54171592638025,1.2010774818290246,0.5935299253455135,0.1468434516569534
1.2,0.15,512,open,0.01,,95.53234486565172,1.2010774818290246,0.5935299253455135,0.1468434516569534
1.2,0.15,512,corrected,0.001,,,1.2010774818290246,0.5935299253455135,0.1468434516569534
1.2,0.15,512,corrected,0.01,,,1.2010774818290246,0.5935299253455135,0.1468434516569534
1.2,0.15,1024,open,0.001,83.10000000000001,85.94855985851159,1.2010774818290246,0.5935299253455135,0.1468434516569534
1.2,0.15,1024,open,0.01,,100.97774257322487,1.2010774818290246,0.5935299253455135,0.1468434516569534
1.2,0.15,1024,corrected,0.001,,,1.2010774818290246,0.5935299253455135,0.1468434516569534
1.2,0.15,1024,corrected,0.01,,,1.2010774818290246,0.5935299253455135,0.1468434516569534
1.2,0.3,128,open,0.001,37.0,39.653349956666865,1.2001532722697053,-0.026352300143870758,0.2980904795342038
1.2,0.3,128,open,0.01,43.800000000000004,47.39356360432679,1.2001532722697053,-0.026352300143870758,0.2980904795342038
1.2,0.3,128,corrected,0.001,43.9,,1.2001532722697053,-0.026352300143870758,0.2980904795342038
1.2,0.3,128,corrected,0.01,47.4,,1.2001532722697053,-0.026352300143870758,0.2980904795342038
1.2,0.3,256,open,0.001,40.2,42.45008085752961,1.2001532722697053,-0.026352300143870758,0.2980904795342038
1.2,0.3,256,open,0.01,46.2,50.18933645378395,1.2001532722697053,-0.026352300143870758,0.2980904795342038
1.2,0.3,256,corrected,0.001,45.4,,1.2001532722697053,-0.026352300143870758,0.2980904795342038
1.2,0.3,256,corrected,0.01,,,1.2001532722697053,-0.026352300143870758,0.2980904795342038
1.2,0.3,512,open,0.001,42.800000000000004,45.24642645010489,1.2001532722697053,-0.026352300143870758,0.2980904795342038
1.2,0.3,512,open,0.01,47.5,52.984834101503715,1.2001532722697053,-0.026352300143870758,0.2980904795342038
1.2,0.3,512,corrected,0.001,46.7,,1.2001532722697053,-0.026352300143870758,0.2980904795342038
1.2,0.3,512,corrected,0.01,,,1.2001532722697053,-0.026352300143870758,0.2980904795342038
1.2,0.3,1024,open,0.001,45.1,48.042433109445405,1.2001532722697053,-0.026352300143870758,0.2980904795342038
1.2,0.3,1024,open,0.01,,55.78008492968664,1.2001532722697053,-0.026352300143870758,0.2980904795342038
1.2,0.3,1024,corrected,0.001,47.800000000000004,,1.2001532722697053,-0.026352300143870758,0.2980904795342038
1.2,0.3,1024,corrected,0.01,,,1.2001532722697053,-0.026352300143870758,0.2980904795342038
1.6,0.15,128,open,0.001,79.0,82.86001589412096,1.6002383326855818,0.14761294089574906,0.1499447723013107
1.6,0.15,128,open,0.01,,98.05052458078899,1.6002383326855818,0.14761294089574906,0.1499447723013107
1.6,0.15,128,corrected,0.001,73.9,,1.6002383326855818,0.14761294089574906,0.1499447723013107
1.6,0.15,128,corrected,0.01,86.7,,1.6002383326855818,0.14761294089574906,0.1499447723013107
1.6,0.15,256,open,0.001,89.0,90.17413622099403,1.6002383326855818,0.14761294089574906,0.1499447723013107
1.6,0.15,256,open,0.01,,105.37697879741069,1.6002383326855818,0.14761294089574906,0.1499447723013107
1.6,0.15,256,corrected,0.001,,,1.6002383326855818,0.14761294089574906,0.1499447723013107
1.6,0.15,256,corrected,0.01,,,1.6002383326855818,0.14761294089574906,0.1499447723013107
1.6,0.15,512,open,0.001,,97.49468967961478,1.6002383326855818,0.14761294089574906,0.1499447723013107
1.6,0.15,512,open,0.01,,112.70816195760483,1.6002383326855818,0.14761294089574906,0.1499447723013107
1.6,0.15,512,corrected,0.001,,,1.6002383326855818,0.14761294089574906,0.1499447723013107
1.6,0.15,512,corrected,0.01,,,1.6002383326855818,0.14761294089574906,0.1499447723013107
1.6,0.15,1024,open,0.001,,104.82075738666184,1.6002383326855818,0.14761294089574906,0.1499447723013107
1.6,0.15,1024,open,0.01,,120.04348515063806,1.6002383326855818,0.14761294089574906,0.1499447723013107
1.6,0.15,1024,corrected,0.001,,,1.6002383326855818,0.14761294089574906,0.1499447723013107
1.6,0.15,1024,corrected,0.01,,,1.6002383326855818,0.14761294089574906,0.1499447723013107
1.6,0.3,128,open,0.001,43.6,46.07694960991509,1.6001219098981472,-0.14693950170241168,0.2989848978959758
1.6,0.3,128,open,0.01,47.9,53.85495096245245,1.6001219098981472,-0.14693950170241168,0.2989848978959758
1.6,0.3,128,corrected,0.001,46.300000000000004,,1.6001219098981472,-0.14693950170241168,0.2989848978959758
1.6,0.3,128,corrected,0.01,,,1.6001219098981472,-0.14693950170241168,0.2989848978959758
1.6,0.3,256,open,0.001,46.6,49.82500267295178,1.6001219098981472,-0.14693950170241168,0.2989848978959758
1.6,0.3,256,open,0.01,,57.59758923816246,1.6001219098981472,-0.14693950170241168,0.2989848978959758
1.6,0.3,256,corrected,0.001,47.9,,1.6001219098981472,-0.14693950170241168,0.2989848978959758
1.6,0.3,256,corrected,0.01,,,1.6001219098981472,-0.14693950170241168,0.2989848978959758
1.6,0.3,512,open,0.001,47.9,53.57024098257863,1.6001219098981472,-0.14693950170241168,0.2989848978959758
1.6,0.3,512,open,0.01,,61.338131237464275,1.6001219098981472,-0.14693950170241168,0.2989848978959758
1.6,0.3,512,corrected,0.001,,,1.6001219098981472,-0.14693950170241168,0.2989848978959758
1.6,0.3,512,corrected,0.01,,,1.6001219098981472,-0.14693950170241168,0.2989848978959758
1.6,0.3,1024,open,0.001,,57.313050420198515,1.6001219098981472,-0.14693950170241168,0.2989848978959758
1.6,0.3,1024,open,0.01,,65.07682822860637,1.6001219098981472,-0.14693950170241168,0.2989848978959758
1.6,0.3,1024,corrected,0.001,,,1.6001219098981472,-0.14693950170241168,0.2989848978959758
1.6,0.3,1024,corrected,0.01,,,1.6001219098981472,-0.14693950170241168,0.2989848978959758
