alpha,rho,N,closure,threshold,Z_f,g,beta
0.8,0.15,128,open,1e-05,29.9,0.1488467493905591,0.7943285854760255
0.8,0.15,128,corrected,1e-05,28.0,0.1488467493905591,0.7943285854760255
0.8,0.15,128,open,3e-05,37.4,0.1488467493905591,0.7943285854760255
0.8,0.15,128,corrected,3e-05,33.9,0.1488467493905591,0.7943285854760255
0.8,0.15,128,open,0.0001,45.4,0.1488467493905591,0.7943285854760255
0.8,0.15,128,corrected,0.0001,40.7,0.1488467493905591,0.7943285854760255
0.8,0.15,128,open,0.0003,52.4,0.1488467493905591,0.7943285854760255
0.8,0.15,128,corrected,0.0003,47.2,0.1488467493905591,0.7943285854760255
0.8,0.15,128,open,0.001,60.0,0.1488467493905591,0.7943285854760255
0.8,0.15,128,corrected,0.001,54.5,0.1488467493905591,0.7943285854760255
0.8,0.15,128,open,0.01,74.4,0.1488467493905591,0.7943285854760255
0.8,0.15,128,corrected,0.01,68.8,0.1488467493905591,0.7943285854760255
0.8,0.15,256,open,1e-05,31.8,0.1488467493905591,0.7943285854760255
0.8,0.15,256,corrected,1e-05,41.2,0.1488467493905591,0.7943285854760255
0.8,0.15,256,open,3e-05,38.9,0.1488467493905591,0.7943285854760255
0.8,0.15,256,corrected,3e-05,49.1,0.1488467493905591,0.7943285854760255
0.8,0.15,256,open,0.0001,46.7,0.1488467493905591,0.7943285854760255
0.8,0.15,256,corrected,0.0001,57.2,0.1488467493905591,0.7943285854760255
0.8,0.15,256,open,0.0003,54.0,0.1488467493905591,0.7943285854760255
0.8,0.15,256,corrected,0.0003,63.9,0.1488467493905591,0.7943285854760255
0.8,0.15,256,open,0.001,62.0,0.1488467493905591,0.7943285854760255
0.8,0.15,256,corrected,0.001,70.8,0.1488467493905591,0.7943285854760255
0.8,0.15,256,open,0.01,77.3,0.1488467493905591,0.7943285854760255
0.8,0.15,256,corrected,0.01,83.8,0.1488467493905591,0.7943285854760255
0.8,0.15,512,open,1e-05,35.4,0.1488467493905591,0.7943285854760255
0.8,0.15,512,corrected,1e-05,61.4,0.1488467493905591,0.7943285854760255
0.8,0.15,512,open,3e-05,42.3,0.1488467493905591,0.7943285854760255
0.8,0.15,512,corrected,3e-05,69.2,0.1488467493905591,0.7943285854760255
0.8,0.15,512,open,0.0001,49.9,0.1488467493905591,0.7943285854760255
0.8,0.15,512,corrected,0.0001,74.5,0.1488467493905591,0.7943285854760255
0.8,0.15,512,open,0.0003,56.9,0.1488467493905591,0.7943285854760255
0.8,0.15,512,corrected,0.0003,78.5,0.1488467493905591,0.7943285854760255
0.8,0.15,512,open,0.001,64.5,0.1488467493905591,0.7943285854760255
0.8,0.15,512,corrected,0.001,82.60000000000001,0.1488467493905591,0.7943285854760255
0.8,0.15,512,open,0.01,79.10000000000001,0.1488467493905591,0.7943285854760255
0.8,0.15,512,corrected,0.01,,0.1488467493905591,0.7943285854760255
0.8,0.15,1024,open,1e-05,38.4,0.1488467493905591,0.7943285854760255
0.8,0.15,1024,corrected,1e-05,65.8,0.1488467493905591,0.7943285854760255
0.8,0.15,1024,open,3e-05,45.2,0.1488467493905591,0.7943285854760255
0.8,0.15,1024,corrected,3e-05,71.3,0.1488467493905591,0.7943285854760255
0.8,0.15,1024,open,0.0001,52.8,0.1488467493905591,0.7943285854760255
0.8,0.15,1024,corrected,0.0001,76.4,0.1488467493905591,0.7943285854760255
0.8,0.15,1024,open,0.0003,59.7,0.1488467493905591,0.7943285854760255
0.8,0.15,1024,corrected,0.0003,80.60000000000001,0.1488467493905591,0.7943285854760255
0.8,0.15,1024,open,0.001,67.3,0.1488467493905591,0.7943285854760255
0.8,0.15,1024,corrected,0.001,84.9,0.1488467493905591,0.7943285854760255
0.8,0.15,1024,open,0.01,81.8,0.1488467493905591,0.7943285854760255
0.8,0.15,1024,corrected,0.01,,0.1488467493905591,0.7943285854760255
0.8,0.3,128,open,1e-05,17.900000000000002,0.2999056562908215,0.8005208889030638
0.8,0.3,128,corrected,1e-05,23.6,0.2999056562908215,0.8005208889030638
0.8,0.3,128,open,3e-05,21.6,0.2999056562908215,0.8005208889030638
0.8,0.3,128,corrected,3e-05,27.6,0.2999056562908215,0.8005208889030638
0.8,0.3,128,open,0.0001,25.3,0.2999056562908215,0.8005208889030638
0.8,0.3,128,corrected,0.0001,30.5,0.2999056562908215,0.8005208889030638
0.8,0.3,128,open,0.0003,28.7,0.2999056562908215,0.8005208889030638
0.8,0.3,128,corrected,0.0003,33.2,0.2999056562908215,0.8005208889030638
0.8,0.3,128,open,0.001,32.2,0.2999056562908215,0.8005208889030638
0.8,0.3,128,corrected,0.001,36.2,0.2999056562908215,0.8005208889030638
0.8,0.3,128,open,0.01,39.0,0.2999056562908215,0.8005208889030638
0.8,0.3,128,corrected,0.01,43.6,0.2999056562908215,0.8005208889030638
0.8,0.3,256,open,1e-05,20.1,0.2999056562908215,0.8005208889030638
0.8,0.3,256,corrected,1e-05,33.0,0.2999056562908215,0.8005208889030638
0.8,0.3,256,open,3e-05,23.8,0.2999056562908215,0.8005208889030638
0.8,0.3,256,corrected,3e-05,35.9,0.2999056562908215,0.8005208889030638
0.8,0.3,256,open,0.0001,27.8,0.2999056562908215,0.8005208889030638
0.8,0.3,256,corrected,0.0001,38.0,0.2999056562908215,0.8005208889030638
0.8,0.3,256,open,0.0003,31.3,0.2999056562908215,0.8005208889030638
0.8,0.3,256,corrected,0.0003,39.7,0.2999056562908215,0.8005208889030638
0.8,0.3,256,open,0.001,35.1,0.2999056562908215,0.8005208889030638
0.8,0.3,256,corrected,0.001,41.6,0.2999056562908215,0.8005208889030638
0.8,0.3,256,open,0.01,42.2,0.2999056562908215,0.8005208889030638
0.8,0.3,256,corrected,0.01,45.3,0.2999056562908215,0.8005208889030638
0.8,0.3,512,open,1e-05,21.8,0.2999056562908215,0.8005208889030638
0.8,0.3,512,corrected,1e-05,34.5,0.2999056562908215,0.8005208889030638
0.8,0.3,512,open,3e-05,25.6,0.2999056562908215,0.8005208889030638
0.8,0.3,512,corrected,3e-05,36.6,0.2999056562908215,0.8005208889030638
0.8,0.3,512,open,0.0001,29.7,0.2999056562908215,0.8005208889030638
0.8,0.3,512,corrected,0.0001,38.7,0.2999056562908215,0.8005208889030638
0.8,0.3,512,open,0.0003,33.4,0.2999056562908215,0.8005208889030638
0.8,0.3,512,corrected,0.0003,40.6,0.2999056562908215,0.8005208889030638
0.8,0.3,512,open,0.001,37.4,0.2999056562908215,0.8005208889030638
0.8,0.3,512,corrected,0.001,42.6,0.2999056562908215,0.8005208889030638
0.8,0.3,512,open,0.01,44.7,0.2999056562908215,0.8005208889030638
0.8,0.3,512,corrected,0.01,46.3,0.2999056562908215,0.8005208889030638
0.8,0.3,1024,open,1e-05,23.6,0.2999056562908215,0.8005208889030638
0.8,0.3,1024,corrected,1e-05,35.800000000000004,0.2999056562908215,0.8005208889030638
0.8,0.3,1024,open,3e-05,27.4,0.2999056562908215,0.8005208889030638
0.8,0.3,1024,corrected,3e-05,37.7,0.2999056562908215,0.8005208889030638
0.8,0.3,1024,open,0.0001,31.5,0.2999056562908215,0.8005208889030638
0.8,0.3,1024,corrected,0.0001,39.8,0.2999056562908215,0.8005208889030638
0.8,0.3,1024,open,0.0003,35.2,0.2999056562908215,0.8005208889030638
0.8,0.3,1024,corrected,0.0003,41.6,0.2999056562908215,0.8005208889030638
0.8,0.3,1024,open,0.001,39.3,0.2999056562908215,0.8005208889030638
0.8,0.3,1024,corrected,0.001,43.6,0.2999056562908215,0.8005208889030638
0.8,0.3,1024,open,0.01,46.6,0.2999056562908215,0.8005208889030638
0.8,0.3,1024,corrected,0.01,47.2,0.2999056562908215,0.8005208889030638
1.2,0.15,128,open,1e-05,39.4,0.1468434516569534,1.2010774818290246
1.2,0.15,128,corrected,1e-05,43.1,0.1468434516569534,1.2010774818290246
1.2,0.15,128,open,3e-05,45.3,0.1468434516569534,1.2010774818290246
1.2,0.15,128,corrected,3e-05,48.2,0.1468434516569534,1.2010774818290246
1.2,0.15,128,open,0.0001,52.0,0.1468434516569534,1.2010774818290246
1.2,0.15,128,corrected,0.0001,54.4,0.1468434516569534,1.2010774818290246
1.2,0.15,128,open,0.0003,58.2,0.1468434516569534,1.2010774818290246
1.2,0.15,128,corrected,0.0003,60.5,0.1468434516569534,1.2010774818290246
1.2,0.15,128,open,0.001,65.2,0.1468434516569534,1.2010774818290246
1.2,0.15,128,corrected,0.001,67.4,0.1468434516569534,1.2010774818290246
1.2,0.15,128,open,0.01,78.9,0.1468434516569534,1.2010774818290246
1.2,0.15,128,corrected,0.01,81.0,0.1468434516569534,1.2010774818290246
1.2,0.15,256,open,1e-05,45.0,0.1468434516569534,1.2010774818290246
1.2,0.15,256,corrected,1e-05,67.9,0.1468434516569534,1.2010774818290246
1.2,0.15,256,open,3e-05,51.3,0.1468434516569534,1.2010774818290246
1.2,0.15,256,corrected,3e-05,73.4,0.1468434516569534,1.2010774818290246
1.2,0.15,256,open,0.0001,58.3,0.1468434516569534,1.2010774818290246
1.2,0.15,256,corrected,0.0001,79.3,0.1468434516569534,1.2010774818290246
1.2,0.15,256,open,0.0003,64.8,0.1468434516569534,1.2010774818290246
1.2,0.15,256,corrected,0.0003,84.9,0.1468434516569534,1.2010774818290246
1.2,0.15,256,open,0.001,72.10000000000001,0.1468434516569534,1.2010774818290246
1.2,0.15,256,corrected,0.001,,0.1468434516569534,1.2010774818290246
1.2,0.15,256,open,0.01,86.10000000000001,0.1468434516569534,1.2010774818290246
1.2,0.15,256,corrected,0.01,,0.1468434516569534,1.2010774818290246
1.2,0.15,512,open,1e-05,50.3,0.1468434516569534,1.2010774818290246
1.2,0.15,512,corrected,1e-05,78.7,0.1468434516569534,1.2010774818290246
1.2,0.15,512,open,3e-05,56.7,0.1468434516569534,1.2010774818290246
1.2,0.15,512,corrected,3e-05,82.2,0.1468434516569534,1.2010774818290246
1.2,0.15,512,open,0.0001,63.9,0.1468434516569534,1.2010774818290246
1.2,0.15,512,corrected,0.0001,85.8,0.1468434516569534,1.2010774818290246
1.2,0.15,512,open,0.0003,70.5,0.1468434516569534,1.2010774818290246
1.2,0.15,512,corrected,0.0003,89.2,0.1468434516569534,1.2010774818290246
1.2,0.15,512,open,0.001,77.8,0.1468434516569534,1.2010774818290246
1.2,0.15,512,corrected,0.001,,0.1468434516569534,1.2010774818290246
1.2,0.15,512,open,0.01,,0.1468434516569534,1.2010774818290246
1.2,0.15,512,corrected,0.01,,0.1468434516569534,1.2010774818290246
1.2,0.15,1024,open,1e-05,55.3,0.1468434516569534,1.2010774818290246
1.2,0.15,1024,corrected,1e-05,80.60000000000001,0.1468434516569534,1.2010774818290246
1.2,0.15,1024,open,3e-05,61.9,0.1468434516569534,1.2010774818290246
1.2,0.15,1024,corrected,3e-05,84.10000000000001,0.1468434516569534,1.2010774818290246
1.2,0.15,1024,open,0.0001,69.10000000000001,0.1468434516569534,1.2010774818290246
1.2,0.15,1024,corrected,0.0001,87.9,0.1468434516569534,1.2010774818290246
1.2,0.15,1024,open,0.0003,75.8,0.1468434516569534,1.2010774818290246
1.2,0.15,1024,corrected,0.0003,,0.1468434516569534,1.2010774818290246
1.2,0.15,1024,open,0.001,83.10000000000001,0.1468434516569534,1.2010774818290246
1.2,0.15,1024,corrected,0.001,,0.1468434516569534,1.2010774818290246
1.2,0.15,1024,open,0.01,,0.1468434516569534,1.2010774818290246
1.2,0.15,1024,corrected,0.01,,0.1468434516569534,1.2010774818290246
1.2,0.3,128,open,1e-05,23.4,0.2980904795342038,1.2001532722697053
1.2,0.3,128,corrected,1e-05,33.6,0.2980904795342038,1.2001532722697053
1.2,0.3,128,open,3e-05,26.7,0.2980904795342038,1.2001532722697053
1.2,0.3,128,corrected,3e-05,36.1,0.2980904795342038,1.2001532722697053
1.2,0.3,128,open,0.0001,30.2,0.2980904795342038,1.2001532722697053
1.2,0.3,128,corrected,0.0001,39.0,0.2980904795342038,1.2001532722697053
1.2,0.3,128,open,0.0003,33.4,0.2980904795342038,1.2001532722697053
1.2,0.3,128,corrected,0.0003,41.5,0.2980904795342038,1.2001532722697053
1.2,0.3,128,open,0.001,37.0,0.2980904795342038,1.2001532722697053
1.2,0.3,128,corrected,0.001,43.9,0.2980904795342038,1.2001532722697053
1.2,0.3,128,open,0.01,43.8,0.2980904795342038,1.2001532722697053
1.2,0.3,128,corrected,0.01,47.4,0.2980904795342038,1.2001532722697053
1.2,0.3,256,open,1e-05,26.4,0.2980904795342038,1.2001532722697053
1.2,0.3,256,corrected,1e-05,37.9,0.2980904795342038,1.2001532722697053
1.2,0.3,256,open,3e-05,29.7,0.2980904795342038,1.2001532722697053
1.2,0.3,256,corrected,3e-05,39.8,0.2980904795342038,1.2001532722697053
1.2,0.3,256,open,0.0001,33.3,0.2980904795342038,1.2001532722697053
1.2,0.3,256,corrected,0.0001,41.7,0.2980904795342038,1.2001532722697053
1.2,0.3,256,open,0.0003,36.6,0.2980904795342038,1.2001532722697053
1.2,0.3,256,corrected,0.0003,43.5,0.2980904795342038,1.2001532722697053
1.2,0.3,256,open,0.001,40.2,0.2980904795342038,1.2001532722697053
1.2,0.3,256,corrected,0.001,45.4,0.2980904795342038,1.2001532722697053
1.2,0.3,256,open,0.01,46.2,0.2980904795342038,1.2001532722697053
1.2,0.3,256,corrected,0.01,,0.2980904795342038,1.2001532722697053
1.2,0.3,512,open,1e-05,29.0,0.2980904795342038,1.2001532722697053
1.2,0.3,512,corrected,1e-05,39.3,0.2980904795342038,1.2001532722697053
1.2,0.3,512,open,3e-05,32.3,0.2980904795342038,1.2001532722697053
1.2,0.3,512,corrected,3e-05,41.1,0.2980904795342038,1.2001532722697053
1.2,0.3,512,open,0.0001,36.0,0.2980904795342038,1.2001532722697053
1.2,0.3,512,corrected,0.0001,43.0,0.2980904795342038,1.2001532722697053
1.2,0.3,512,open,0.0003,39.3,0.2980904795342038,1.2001532722697053
1.2,0.3,512,corrected,0.0003,44.8,0.2980904795342038,1.2001532722697053
1.2,0.3,512,open,0.001,42.8,0.2980904795342038,1.2001532722697053
1.2,0.3,512,corrected,0.001,46.7,0.2980904795342038,1.2001532722697053
1.2,0.3,512,open,0.01,47.5,0.2980904795342038,1.2001532722697053
1.2,0.3,512,corrected,0.01,,0.2980904795342038,1.2001532722697053
1.2,0.3,1024,open,1e-05,31.6,0.2980904795342038,1.2001532722697053
1.2,0.3,1024,corrected,1e-05,40.6,0.2980904795342038,1.2001532722697053
1.2,0.3,1024,open,3e-05,34.9,0.2980904795342038,1.2001532722697053
1.2,0.3,1024,corrected,3e-05,42.4,0.2980904795342038,1.2001532722697053
1.2,0.3,1024,open,0.0001,38.5,0.2980904795342038,1.2001532722697053
1.2,0.3,1024,corrected,0.0001,44.4,0.2980904795342038,1.2001532722697053
1.2,0.3,1024,open,0.0003,41.8,0.2980904795342038,1.2001532722697053
1.2,0.3,1024,corrected,0.0003,46.2,0.2980904795342038,1.2001532722697053
1.2,0.3,1024,open,0.001,45.1,0.2980904795342038,1.2001532722697053
1.2,0.3,1024,corrected,0.001,47.8,0.2980904795342038,1.2001532722697053
1.2,0.3,1024,open,0.01,,0.2980904795342038,1.2001532722697053
1.2,0.3,1024,corrected,0.01,,0.2980904795342038,1.2001532722697053
1.6,0.15,128,open,1e-05,51.4,0.1499447723013107,1.6002383326855818
1.6,0.15,128,corrected,1e-05,51.0,0.1499447723013107,1.6002383326855818
1.6,0.15,128,open,3e-05,57.9,0.1499447723013107,1.6002383326855818
1.6,0.15,128,corrected,3e-05,56.2,0.1499447723013107,1.6002383326855818
1.6,0.15,128,open,0.0001,65.1,0.1499447723013107,1.6002383326855818
1.6,0.15,128,corrected,0.0001,62.1,0.1499447723013107,1.6002383326855818
1.6,0.15,128,open,0.0003,71.7,0.1499447723013107,1.6002383326855818
1.6,0.15,128,corrected,0.0003,67.6,0.1499447723013107,1.6002383326855818
1.6,0.15,128,open,0.001,79.0,0.1499447723013107,1.6002383326855818
1.6,0.15,128,corrected,0.001,73.9,0.1499447723013107,1.6002383326855818
1.6,0.15,128,open,0.01,,0.1499447723013107,1.6002383326855818
1.6,0.15,128,corrected,0.01,86.7,0.1499447723013107,1.6002383326855818
1.6,0.15,256,open,1e-05,59.7,0.1499447723013107,1.6002383326855818
1.6,0.15,256,corrected,1e-05,76.5,0.1499447723013107,1.6002383326855818
1.6,0.15,256,open,3e-05,66.8,0.1499447723013107,1.6002383326855818
1.6,0.15,256,corrected,3e-05,80.8,0.1499447723013107,1.6002383326855818
1.6,0.15,256,open,0.0001,74.60000000000001,0.1499447723013107,1.6002383326855818
1.6,0.15,256,corrected,0.0001,85.2,0.1499447723013107,1.6002383326855818
1.6,0.15,256,open,0.0003,81.60000000000001,0.1499447723013107,1.6002383326855818
1.6,0.15,256,corrected,0.0003,88.9,0.1499447723013107,1.6002383326855818
1.6,0.15,256,open,0.001,89.0,0.1499447723013107,1.6002383326855818
1.6,0.15,256,corrected,0.001,,0.1499447723013107,1.6002383326855818
1.6,0.15,256,open,0.01,,0.1499447723013107,1.6002383326855818
1.6,0.15,256,corrected,0.01,,0.1499447723013107,1.6002383326855818
1.6,0.15,512,open,1e-05,67.2,0.1499447723013107,1.6002383326855818
1.6,0.15,512,corrected,1e-05,82.5,0.1499447723013107,1.6002383326855818
1.6,0.15,512,open,3e-05,74.3,0.1499447723013107,1.6002383326855818
1.6,0.15,512,corrected,3e-05,86.3,0.1499447723013107,1.6002383326855818
1.6,0.15,512,open,0.0001,82.10000000000001,0.1499447723013107,1.6002383326855818
1.6,0.15,512,corrected,0.0001,,0.1499447723013107,1.6002383326855818
1.6,0.15,512,open,0.0003,88.8,0.1499447723013107,1.6002383326855818
1.6,0.15,512,corrected,0.0003,,0.1499447723013107,1.6002383326855818
1.6,0.15,512,open,0.001,,0.1499447723013107,1.6002383326855818
1.6,0.15,512,corrected,0.001,,0.1499447723013107,1.6002383326855818
1.6,0.15,512,open,0.01,,0.1499447723013107,1.6002383326855818
1.6,0.15,512,corrected,0.01,,0.1499447723013107,1.6002383326855818
1.6,0.15,1024,open,1e-05,74.4,0.1499447723013107,1.6002383326855818
1.6,0.15,1024,corrected,1e-05,86.8,0.1499447723013107,1.6002383326855818
1.6,0.15,1024,open,3e-05,81.5,0.1499447723013107,1.6002383326855818
1.6,0.15,1024,corrected,3e-05,,0.1499447723013107,1.6002383326855818
1.6,0.15,1024,open,0.0001,89.0,0.1499447723013107,1.6002383326855818
1.6,0.15,1024,corrected,0.0001,,0.1499447723013107,1.6002383326855818
1.6,0.15,1024,open,0.0003,,0.1499447723013107,1.6002383326855818
1.6,0.15,1024,corrected,0.0003,,0.1499447723013107,1.6002383326855818
1.6,0.15,1024,open,0.001,,0.1499447723013107,1.6002383326855818
1.6,0.15,1024,corrected,0.001,,0.1499447723013107,1.6002383326855818
1.6,0.15,1024,open,0.01,,0.1499447723013107,1.6002383326855818
1.6,0.15,1024,corrected,0.01,,0.1499447723013107,1.6002383326855818
1.6,0.3,128,open,1e-05,29.7,0.2989848978959758,1.6001219098981472
1.6,0.3,128,corrected,1e-05,36.9,0.2989848978959758,1.6001219098981472
1.6,0.3,128,open,3e-05,33.0,0.2989848978959758,1.6001219098981472
1.6,0.3,128,corrected,3e-05,39.2,0.2989848978959758,1.6001219098981472
1.6,0.3,128,open,0.0001,36.7,0.2989848978959758,1.6001219098981472
1.6,0.3,128,corrected,0.0001,41.7,0.2989848978959758,1.6001219098981472
1.6,0.3,128,open,0.0003,40.0,0.2989848978959758,1.6001219098981472
1.6,0.3,128,corrected,0.0003,43.9,0.2989848978959758,1.6001219098981472
1.6,0.3,128,open,0.001,43.6,0.2989848978959758,1.6001219098981472
1.6,0.3,128,corrected,0.001,46.3,0.2989848978959758,1.6001219098981472
1.6,0.3,128,open,0.01,47.9,0.2989848978959758,1.6001219098981472
1.6,0.3,128,corrected,0.01,,0.2989848978959758,1.6001219098981472
1.6,0.3,256,open,1e-05,33.5,0.2989848978959758,1.6001219098981472
1.6,0.3,256,corrected,1e-05,41.0,0.2989848978959758,1.6001219098981472
1.6,0.3,256,open,3e-05,36.9,0.2989848978959758,1.6001219098981472
1.6,0.3,256,corrected,3e-05,42.8,0.2989848978959758,1.6001219098981472
1.6,0.3,256,open,0.0001,40.6,0.2989848978959758,1.6001219098981472
1.6,0.3,256,corrected,0.0001,44.8,0.2989848978959758,1.6001219098981472
1.6,0.3,256,open,0.0003,43.9,0.2989848978959758,1.6001219098981472
1.6,0.3,256,corrected,0.0003,46.5,0.2989848978959758,1.6001219098981472
1.6,0.3,256,open,0.001,46.6,0.2989848978959758,1.6001219098981472
1.6,0.3,256,corrected,0.001,47.9,0.2989848978959758,1.6001219098981472
1.6,0.3,256,open,0.01,,0.2989848978959758,1.6001219098981472
1.6,0.3,256,corrected,0.01,,0.2989848978959758,1.6001219098981472
1.6,0.3,512,open,1e-05,37.1,0.2989848978959758,1.6001219098981472
1.6,0.3,512,corrected,1e-05,42.9,0.2989848978959758,1.6001219098981472
1.6,0.3,512,open,3e-05,40.5,0.2989848978959758,1.6001219098981472
1.6,0.3,512,corrected,3e-05,44.7,0.2989848978959758,1.6001219098981472
1.6,0.3,512,open,0.0001,44.0,0.2989848978959758,1.6001219098981472
1.6,0.3,512,corrected,0.0001,46.6,0.2989848978959758,1.6001219098981472
1.6,0.3,512,open,0.0003,46.5,0.2989848978959758,1.6001219098981472
1.6,0.3,512,corrected,0.0003,47.9,0.2989848978959758,1.6001219098981472
1.6,0.3,512,open,0.001,47.9,0.2989848978959758,1.6001219098981472
1.6,0.3,512,corrected,0.001,,0.2989848978959758,1.6001219098981472
1.6,0.3,512,open,0.01,,0.2989848978959758,1.6001219098981472
1.6,0.3,512,corrected,0.01,,0.2989848978959758,1.6001219098981472
1.6,0.3,1024,open,1e-05,40.5,0.2989848978959758,1.6001219098981472
1.6,0.3,1024,corrected,1e-05,44.8,0.2989848978959758,1.6001219098981472
1.6,0.3,1024,open,3e-05,43.8,0.2989848978959758,1.6001219098981472
1.6,0.3,1024,corrected,3e-05,46.5,0.2989848978959758,1.6001219098981472
1.6,0.3,1024,open,0.0001,46.6,0.2989848978959758,1.6001219098981472
1.6,0.3,1024,corrected,0.0001,47.9,0.2989848978959758,1.6001219098981472
1.6,0.3,1024,open,0.0003,47.8,0.2989848978959758,1.6001219098981472
1.6,0.3,1024,corrected,0.0003,,0.2989848978959758,1.6001219098981472
1.6,0.3,1024,open,0.001,,0.2989848978959758,1.6001219098981472
1.6,0.3,1024,corrected,0.001,,0.2989848978959758,1.6001219098981472
1.6,0.3,1024,open,0.01,,0.2989848978959758,1.6001219098981472
1.6,0.3,1024,corrected,0.01,,0.2989848978959758,1.6001219098981472
