alpha,rho,closure,N,error,beta_local
0.8,0.15,open,128,0.05323680854930641,
0.8,0.15,open,256,0.026449650354249732,1.0091754358224112
0.8,0.15,open,512,0.016036519202698087,0.7218876186092782
0.8,0.15,open,1024,0.009179480422955941,0.8048766308203358
0.8,0.15,open,2048,0.005270179234075978,0.8005604690475439
0.8,0.15,open,4096,0.003026574346078247,0.8001662369962359
0.8,0.15,open,8192,0.001738258220169157,0.8000433784607239
0.8,0.15,open,16384,0.0009983595933821417,0.8000109617227018
0.8,0.15,open,32768,0.0005734059191774085,0.8000027478058489
0.8,0.15,corrected,128,0.004988499230393287,
0.8,0.15,corrected,256,0.0012776651529746957,1.9650960637202644
0.8,0.15,corrected,512,0.00021306300713547932,2.5841577548055903
0.8,0.15,corrected,1024,3.228607657371751e-05,2.722296088871668
0.8,0.15,corrected,2048,4.753814691079052e-06,2.763754562656548
0.8,0.15,corrected,4096,7.132586895843969e-07,2.736588343251359
0.8,0.15,corrected,8192,1.1727551391331545e-07,2.604523595289057
0.8,0.15,corrected,16384,2.3482078152610505e-08,2.3202698258580545
0.8,0.15,corrected,32768,5.783637688768793e-09,2.021511008127707
0.8,0.15,naive_periodic,128,0.05188878797187167,
0.8,0.15,naive_periodic,256,0.026560375601700353,0.9661472889259999
0.8,0.15,naive_periodic,512,0.015592995233654094,0.7683774689492774
0.8,0.15,naive_periodic,1024,0.009013143116631539,0.7907958756000387
0.8,0.15,naive_periodic,2048,0.0051853835219469735,0.7975796011731688
0.8,0.15,naive_periodic,4096,0.002979487891499766,0.7993863133474319
0.8,0.15,naive_periodic,8192,0.0017114490755604506,0.7998460190519961
0.8,0.15,naive_periodic,16384,0.0009829956217447255,0.7999614694262156
0.8,0.15,naive_periodic,32768,0.0005645864973413128,0.799990365141948
0.8,0.3,open,64,0.09267833315245207,
0.8,0.3,open,128,0.04605253555400829,1.0089515069306756
0.8,0.3,open,256,0.027919718741474392,0.7219961820486015
0.8,0.3,open,512,0.015982478523628,0.8047932529257217
0.8,0.3,open,1024,0.00917592603614698,0.8005654877638689
0.8,0.3,open,2048,0.005269573599219168,0.8001675350594404
0.8,0.3,open,4096,0.0030264835749521084,0.8000437058831059
0.8,0.3,open,8192,0.0017382450457503874,0.8000110437636211
0.8,0.3,open,16384,0.0009983576966089759,0.8000027683271247
0.8,0.3,open,32768,0.0005734056466417799,0.8000006925442505
0.8,0.3,corrected,64,0.008676521248650076,
0.8,0.3,corrected,128,0.0022230399837129345,1.9645828296352938
0.8,0.3,corrected,256,0.00037150509809806933,2.581079983127836
0.8,0.3,corrected,512,5.674491340955802e-05,2.710819028017434
0.8,0.3,corrected,1024,8.606998628467644e-06,2.720908931570123
0.8,0.3,corrected,2048,1.4195499994585452e-06,2.600076574301568
0.8,0.3,corrected,4096,2.8455158966910456e-07,2.318671520300232
0.8,0.3,corrected,8192,7.011679936006681e-08,2.0208581915845443
0.8,0.3,corrected,16384,1.9212424285217847e-08,1.8677205681516158
0.8,0.3,corrected,32768,5.449004123064106e-09,1.8179750867072804
0.8,0.3,naive_periodic,64,0.09035822060481413,
0.8,0.3,naive_periodic,128,0.046244299251634896,0.966380331575558
0.8,0.3,naive_periodic,256,0.027148981477615908,0.7683774540745723
0.8,0.3,naive_periodic,512,0.01569279362148812,0.7907958719797021
0.8,0.3,naive_periodic,1024,0.009028277090005754,0.7975796002752027
0.8,0.3,naive_periodic,2048,0.005187589724289843,0.7993863131234031
0.8,0.3,naive_periodic,4096,0.0029798059135250354,0.7998460189960168
0.8,0.3,naive_periodic,8192,0.0017114947844494854,0.7999614694122018
0.8,0.3,naive_periodic,16384,0.000983002186578985,0.7999903651384036
0.8,0.3,naive_periodic,32768,0.000564587440026243,0.7999975911461522
1.2,0.15,open,64,0.020954677629079172,
1.2,0.15,open,128,0.007148759251147049,1.551507554410835
1.2,0.15,open,256,0.0034341273805088596,1.0577493138521104
1.2,0.15,open,512,0.0014841547975439524,1.2103019804645
1.2,0.15,open,1024,0.0006455696980061832,1.2009968055382962
1.2,0.15,open,2048,0.0002809393448992372,1.200314177755966
1.2,0.15,open,4096,0.00012227890147132586,1.2000831881671639
1.2,0.15,open,8192,5.3224204913233826e-05,1.200021098185035
1.2,0.15,open,16384,2.3167095779240195e-05,1.2000052935365224
1.2,0.15,open,32768,1.0084054882170391e-05,1.2000013245284422
1.2,0.15,corrected,64,0.0030939972680397608,
1.2,0.15,corrected,128,0.0006377544295386165,2.278399003658104
1.2,0.15,corrected,256,8.348995758938528e-05,2.9333264324815143
1.2,0.15,corrected,512,9.790582574405493e-06,3.09213606357108
1.2,0.15,corrected,1024,1.1288015191134956e-06,3.11660287326468
1.2,0.15,corrected,2048,1.4081717232575908e-07,3.0028966514811364
1.2,0.15,corrected,4096,2.1295344331734624e-08,2.725213315378097
1.2,0.15,corrected,8192,3.963623082816529e-09,2.425646375140111
1.2,0.15,corrected,16384,8.220462419350796e-10,2.2695283211386603
1.2,0.15,corrected,32768,1.7663047852573262e-10,2.21848524185723
1.2,0.15,naive_periodic,64,0.020042764953690673,
1.2,0.15,naive_periodic,128,0.007203081420970661,1.4763954287633438
1.2,0.15,naive_periodic,256,0.0032588304190258044,1.144259932103575
1.2,0.15,naive_periodic,512,0.0014349416255419467,1.1833622317475752
1.2,0.15,naive_periodic,1024,0.0006265108230405492,1.1955807106380876
1.2,0.15,naive_periodic,2048,0.00027291720022139254,1.198876111175098
1.2,0.15,naive_periodic,4096,0.00011881735213675748,1.199717777972587
1.2,0.15,naive_periodic,8192,5.1720788613277e-05,1.1999293653871634
1.2,0.15,naive_periodic,16384,2.2513056467318715e-05,1.1999823363827988
1.2,0.15,naive_periodic,32768,9.79940699141757e-06,1.199995583776831
1.2,0.3,open,64,0.016426107943126163,
1.2,0.3,open,128,0.007886446044292632,1.0585434694966582
1.2,0.3,open,256,0.003409815756335966,1.2096815214357768
1.2,0.3,open,512,0.0014831436611364884,1.2010354400141128
1.2,0.3,open,1024,0.0006454306615968328,1.2003243270221782
1.2,0.3,open,2048,0.00028092331340692653,1.200085759061497
1.2,0.3,open,4096,0.00012227713149497968,1.2000217430597937
1.2,0.3,open,8192,5.3224011607615596e-05,1.200005454900709
1.2,0.3,open,16384,2.3167074724975014e-05,1.200001364908235
1.2,0.3,open,32768,1.0084052590377332e-05,1.2000003412859568
1.2,0.3,corrected,64,0.0014608724516887658,
1.2,0.3,corrected,128,0.00019286242238968334,2.9211862434273965
1.2,0.3,corrected,256,2.3292218471856583e-05,3.0496521128785767
1.2,0.3,corrected,512,2.9489694213799608e-06,2.981565287946345
1.2,0.3,corrected,1024,4.482888486299324e-07,2.717710345489214
1.2,0.3,corrected,2048,8.36071138534641e-08,2.4227310053981155
1.2,0.3,corrected,4096,1.735108812199023e-08,2.2685995617119574
1.2,0.3,corrected,8192,3.728821987898384e-09,2.218234309651309
1.2,0.3,corrected,16384,8.089304461937969e-10,2.204632358540108
1.2,0.3,corrected,32768,1.759120957914214e-10,2.201160975008648
1.2,0.3,naive_periodic,64,0.01654832877146939,
1.2,0.3,naive_periodic,128,0.007486825543950859,1.1442594828501205
1.2,0.3,naive_periodic,256,0.003296630089103747,1.1833621245224886
1.2,0.3,naive_periodic,512,0.0014393438948739345,1.1955806842065222
1.2,0.3,naive_periodic,1024,0.0006269990769365297,1.1988761045921694
1.2,0.3,naive_periodic,2048,0.0002729705937852822,1.19971777632922
1.2,0.3,naive_periodic,4096,0.00011882316958694572,1.199929364977549
1.2,0.3,naive_periodic,8192,5.172142185849715e-05,1.1999823362831563
1.2,0.3,naive_periodic,16384,2.251312538165129e-05,1.1999955837576823
1.2,0.3,naive_periodic,32768,9.799414490696545e-06,1.199998895915628
1.6,0.15,open,64,0.003403518294513757,
1.6,0.15,open,128,0.0013094535837565847,1.378061943156451
1.6,0.15,open,256,0.00042662262198866704,1.6179325485171194
1.6,0.15,open,512,0.00014058154741997876,1.6015532274418336
1.6,0.15,open,1024,4.6357768625107304e-05,1.600524209511075
1.6,0.15,open,2048,1.529086552728298e-05,1.6001410540264063
1.6,0.15,open,4096,5.0439789286909994e-06,1.600035917707568
1.6,0.15,open,8192,1.6638821205440097e-06,1.6000090209236364
1.6,0.15,open,16384,5.488755464232822e-07,1.6000022571571177
1.6,0.15,open,32768,1.8106133563814288e-07,1.6000005637008596
1.6,0.15,corrected,64,0.00048349133636547997,
1.6,0.15,corrected,128,5.008765833634064e-05,3.270962968019297
1.6,0.15,corrected,256,4.646547704753562e-06,3.4302240405193594
1.6,0.15,corrected,512,4.463634618288388e-07,3.3798683778694
1.6,0.15,corrected,1024,5.120515083022943e-08,3.123858090409868
1.6,0.15,corrected,2048,7.211400652849804e-09,2.827937538200663
1.6,0.15,corrected,4096,1.132613765700848e-09,2.6706235283893984
1.6,0.15,corrected,8192,1.8439169901830856e-10,2.618810354636286
1.6,0.15,corrected,16384,3.031316540023705e-11,2.604757293647533
1.6,0.15,corrected,32768,5.005511502245903e-12,2.5983551033903596
1.6,0.15,naive_periodic,64,0.00344280288024143,
1.6,0.15,naive_periodic,128,0.0012041413935623135,1.5155787736706556
1.6,0.15,naive_periodic,256,0.0004043955207203298,1.574165884769224
1.6,0.15,naive_periodic,512,0.00013404343719744527,1.5930664310296008
1.6,0.15,naive_periodic,1024,4.4272094869235445e-05,1.5982310406334614
1.6,0.15,naive_periodic,2048,1.4608846081037852e-05,1.5995554130708762
1.6,0.15,naive_periodic,4096,4.819493774482764e-06,1.599888704435213
1.6,0.15,naive_periodic,8192,1.5898707126649203e-06,1.5999721667674578
1.6,0.15,naive_periodic,16384,5.244642753976514e-07,1.59999304106847
1.6,0.15,naive_periodic,32768,1.7300889873506087e-07,1.5999982600246319
1.6,0.3,open,64,0.00394612240728655,
1.6,0.3,open,128,0.0012963659026976285,1.6059627284490272
1.6,0.3,open,256,0.0004262998330085637,1.6045325849059107
1.6,0.3,open,512,0.00014054598668847065,1.6008262322299651
1.6,0.3,open,1024,4.635456397306202e-05,1.6002589622533516
1.6,0.3,open,2048,1.5290595353106662e-05,1.6000668101456463
1.6,0.3,open,4096,5.0439565247358156e-06,1.600016834581035
1.6,0.3,open,8192,1.663880270579711e-06,1.6000042168996402
1.6,0.3,open,16384,5.488753938613648e-07,1.6000010541180116
1.6,0.3,open,32768,1.8106132288152393e-07,1.600000264343192
1.6,0.3,corrected,64,0.0002817228444454254,
1.6,0.3,corrected,128,2.462985501161804e-05,3.515796513968775
1.6,0.3,corrected,256,2.4728199127240333e-06,3.3161790531904902
1.6,0.3,corrected,512,2.971581076416916e-07,3.056854527864704
1.6,0.3,corrected,1024,4.309215102548564e-08,2.7857337236940065
1.6,0.3,corrected,2048,6.83979878886581e-09,2.655399324991491
1.6,0.3,corrected,4096,1.1168128998732866e-09,2.6145663742004666
1.6,0.3,corrected,8192,1.837350835200834e-10,2.603688475734381
1.6,0.3,corrected,16384,3.0285861013602877e-11,2.600910797654437
1.6,0.3,corrected,32768,5.031939963005608e-12,2.5894578127794445
1.6,0.3,naive_periodic,64,0.0038937423968247176,
1.6,0.3,naive_periodic,128,0.0012199892745852203,1.674288976505523
1.6,0.3,naive_periodic,256,0.00040583167871244274,1.58791507496315
1.6,0.3,naive_periodic,512,0.0001341651027470525,1.5968720188873935
1.6,0.3,naive_periodic,1024,4.4282198995326816e-05,1.5992106942351756
1.6,0.3,naive_periodic,2048,1.4609680835664385e-05,1.59980220497591
1.6,0.3,naive_periodic,4096,4.819562646585229e-06,1.599950521759694
1.6,0.3,naive_periodic,8192,1.5898763930932702e-06,1.5999876286151062
1.6,0.3,naive_periodic,16384,5.244647438562566e-07,1.5999969070113667
1.6,0.3,naive_periodic,32768,1.730089373985777e-07,1.5999992262496536
